material_name,material_category,manufacturer_name,gwp_value,gwp_unit,declared_unit,life_cycle_stages,epd_programme_operator,year_published,valid_until,country_of_origin,source_filename,extraction_confidence,notes
Gypboard® Plain,Other,Saint-Gobain India Pvt Ltd - Gyproc Business,3.9,kg CO2 eq/m2,1 m2,A1-A3,The International EPD® System,2020,2025,India,EPD-IES-0000538_002.pdf,HIGH,"GWP value is for the A1-A3 stages. The declared unit is 1 m² of Gypboard Plain plasterboard of 12,5mm thickness."
Berger Bison Acrylic Emulsion,Paint & Coating,Berger Paints India Limited,0.706,kg CO2-Equiv.,1 litre paint,A1-A3,EPD International AB,2020,2025,India,EPD-IES-0001419_001.pdf,HIGH,
Berger Butterfly GP Synthetic Enamel,Paint & Coating,Berger Paints India Limited,1.72,kg CO2-Equiv.,1 litre,A1-A3,EPD International AB,2020,2025,India,EPD-IES-0002108_001.pdf,HIGH,
Entropy Workstation,Other,Talin Modular Office Furniture Systems Pvt. Ltd,228.0,kg CO2 eq.,1 piece,A1-A3,EPD International AB,2021,2026,India,EPD-IES-0002109_001.pdf,HIGH,"GWP value is for Entropy Workstation Model 1, representing the sum of 'Upstream' (A1-A2) and 'Core' (A3) life cycle stages."
RADIANT BAFFLE,Aluminium,Infosys Limited,14.9,kg CO2e,1 kg,A1-A3,EPD International AB,2025,2030,India,EPD-IES-0004492_002.pdf,HIGH,Results of this EPD shall be used with care as the LCI data is not yet based on 1 year of production which may result in increased uncertainty.
Average of Finished Long Products (Steel),Steel & Metal,JSW Steel Limited,2420.0,kg CO2 eq/1000 kg,1000 kg,A1-A3,The International EPD® System,2021,2026,India,EPD-IES-0004326_001.pdf,HIGH,GWP value represents the TMT Bar product from the Vijayanagar plant as the primary example provided in the results table. Other products have varying GWP values.
Room Door Systems,Aluminium,KUBIK INDIA PVT LTD,519.0,kg CO2 eq/piece,1 piece,A1-A3,The International EPD® System,2021,2026,India,EPD-IES-0004379_001.pdf,HIGH,"GWP value represents Model 1 (Acosoft 40). Other models have varying GWP values (Model 2: 386, Model 3: 476, Model 4: 461, Model 5: 608, Model 6: 627, Model 7: 574)."
Office Partition Systems,Aluminium,Kubik India Pvt Limited,324.0,kg CO2 eq/piece,1 piece of Partition system measuring 3.0 m x 2.7 m,A1-A3,The International EPD System,2021,2026,India,EPD-IES-0004636_001.pdf,HIGH,GWP value extracted from Table 10 for Model 1 (Acosoft 40). The declared unit is 1 piece of partition system.
Hot Dip Galvanized Pole and High Mast,Steel & Metal,Skipper Limited,3190,kg CO2 eq.,1 tonne,A1-A3,EPD International AB,2025,2030,India,EPD-IES-0004977_002.pdf,HIGH,The GWP value is the 'GWP- total' for the A1-A3 stage.
Hot Dip Galvanized Steel Tower,Steel & Metal,Skipper Limited,3370.0,kg CO2 eq/tonne,1 tonne,A1-A3,EPD International AB,2025,2030,India,EPD-IES-0004995_002.pdf,HIGH,
Silent Box,Other,Kubik India Pvt Limited,1690.0,kg CO2 eq.,1 piece of Double Glazed Silent Box Product with L x W x H : 1.2 m x 1.2 m x 2.1 m,A1-A3,EPD International AB,2022,2027,India,EPD-IES-0005016_001.pdf,HIGH,
Steel Rebar,Steel & Metal,Tata Steel Limited,2727.0,kg CO2 eq/tonne,1 tonne,A1-A3,EPD International AB,2022,2027,India,EPD-IES-0005018_001.pdf,HIGH,"GWP value calculated as sum of A1 (2520) + A2 (2.16) + A3 (205) = 2727.16, rounded to 2727.0. Declared unit is 1 tonne."
"Ordinary Portland Cement (OPC), Pozzolana Portland Cement (PPC), Portland Slag Cement (PSC) and Portland Composite Cement (PCC)",Concrete & Cement,UltraTech Cement Ltd.,996,kg CO2 eq./1000 kg,1000 kg,A1-A3,EPD International AB,2022,2027,India,EPD-IES-0005019_001.pdf,HIGH,"The GWP values are presented for four different types of cement: OPC, PPC, PSC, and PCC. The values provided are for the A1-A3 life cycle stages and are based on a declared unit of 1000 kg. The GWP - total for OPC is 9.96E+02, for PPC is 7.10E+02, for PSC is 4.87E+02, and for PCC is 5.41E+02. The unit for GWP is kg CO2 eq. per 1000 kg."
Steel Structural Hollow Sections,Steel & Metal,Tata Steel Limited,3058.3,kg CO2 eq/tonne,1 tonne,A1-A3,EPD International AB,2022,2027,India,EPD-IES-0005020_001.pdf,HIGH,"GWP value calculated as sum of A1 (3000), A2 (32.6), and A3 (25.7) for 1 tonne."
Hot Rolled Coils,Steel & Metal,JSW Steel Limited,2690.0,kg CO2 eq/tonne,1 tonne,A1-A3,EPD International AB,2026,2031,India,EPD-IES-0005172_001.pdf,HIGH,GWP value 2.69E+03 converted from 1 tonne declared unit.
Grinding Media (Steel Balls),Steel & Metal,JSW Steel Limited,3650.0,kg CO2 eq/tonne,1 tonne,A1-A3,EPD International AB,2025,2030,India,EPD-IES-0005241_002.pdf,HIGH,The GWP value 3.65E+03 kg CO2 eq per tonne was converted to 3650.0 kg CO2 eq per tonne for consistency.
Smart PIR Panel,Insulation,Asawa Insulation Pvt. Ltd.,8.95,kg CO2 eq.,1 m2 Smart PIR Panel with 20 mm Thickness,A1-A3,EPD International AB,2025,2030,India,EPD-IES-0005242_002.pdf,HIGH,The GWP value is for GWP-total. The declared unit includes thickness.
SGG PLANILUX® 5 mm,Glass,Saint-Gobain India Pvt. Ltd,16.1,kg CO2 eq/m2,1 m2,A1-A3,The International EPD® System,2024,2029,India,EPD-IES-0005280_002.pdf,HIGH,GWP value represents Climate Change (total) for A1-A3. The functional unit is 1 m2 of 5 mm glass.
Gyproc® XPERT+,Other,Saint-Gobain India Pvt. Ltd,0.0725,kg CO2 eq/kg,1 kg,A1-A3,The International EPD® System,2024,2029,India,EPD-IES-0005400_003.pdf,HIGH,GWP value for A1-A3 is 7.25E-02 kg CO2 eq. per 1 kg declared unit.
SGG PLANILUX® 8 mm,Glass,SAINT-GOBAIN INDIA PRIVATE LIMITED,25.9,kg CO2 eq/m2,1 m2,A1-A3,The International EPD® System,2024,2029,India,EPD-IES-0005466_002.pdf,HIGH,GWP value represents Climate Change (total) for A1-A3. The value 2.59E+01 was converted to 25.9.
Ferro Chrome,Steel & Metal,Tata Steel Limited,5310.0,kg CO2 eq.,1 tonne,A1-A3,EPD International AB,2024,2029,India,EPD-IES-0006068_001.pdf,HIGH,GWP-total value used. The declared unit is '1 tonne' but the GWP value is per tonne.
Vnext- Fiber Cement Boards,Concrete & Cement,Visaka Industries Limited,4.13,kg CO2 eq/m2,1 m2,A1-A3,EPD International,2022,2027,India,EPD-IES-0006083_001.pdf,HIGH,GWP value is based on 4mm thickness board manufactured at the Miryalaguda (MLG) plant. Values vary by thickness and manufacturing location.
Vnext Panels,Concrete & Cement,Visaka Industries Limited,14.82,kg CO2 eq/m2,1 m2,A1-A3,EPD International,2022,2027,India,EPD-IES-0006084_001.pdf,HIGH,Value represents 50mm thickness panel manufactured at MLG plant. Multiple GWP values exist for different thicknesses (50mm/75mm) and plants (MLG/JJR).
Gyproc® Fireline 12.5mm,Other,Saint-Gobain India Pvt. Ltd,4.96,kg CO2 eq/m2,1 m2,A1-A3,The International EPD System,2022,2027,India,EPD-IES-0006085_001.pdf,HIGH,GWP value for A1-A3 is 4.96E+00 kg CO2 eq. per functional unit of 1 m2.
Gyproc® Glasroc H 12.5mm,Brick & Masonry,Saint-Gobain India Pvt. Ltd,5.73,kg CO2 eq./FU,1 m2,A1-A3,The International EPD® System,2022,2027,India,EPD-IES-0006086_001.pdf,HIGH,"The GWP value is taken from the 'Climate Change [kg CO2 eq.]' row under the 'A1/A2/A3' column in the 'Environmental Impacts' table. The declared unit is '1m2 of installed plasterboard 12,5 mm with a weight of 10.6 kg/m² and an expected average service life of 50 years'."
Gyproc® Habito 12.5mm,Other,Saint-Gobain India Pvt. Ltd,8.02,kg CO2 eq/m2,1 m2,A1-A3,The International EPD System,2022,2027,India,EPD-IES-0006087_001.pdf,HIGH,GWP value represents A1-A3 stage for 1 m2 of installed plasterboard.
SGG PLANILUX® 10 mm,Glass,Saint-Gobain India Pvt. Ltd,32.4,kg CO2 eq/m2,1 m2,A1-A3,The International EPD® System,2024,2029,India,EPD-IES-0006219_002.pdf,HIGH,GWP value represents Climate Change (total) for modules A1-A3 as 3.24E+01 kg CO2 eq per 1 m2.
ORAÉ® 6 mm,Glass,Saint-Gobain India Pvt. Ltd,7.96,kg CO2 eq/m2,1 m2,A1-A3,The International EPD® System,2024,2029,India,EPD-IES-0006299_002.pdf,HIGH,GWP value represents Climate Change total for A1-A3. Declared unit is 1 m2 of 6 mm glass.
Gyproc® Duraline 13mm,Other,Saint-Gobain India Pvt. Ltd,6.03,kg CO2 eq.,1 m2,A1-A3,The International EPD System,2022,2027,India,EPD-IES-0006462_001.pdf,HIGH,"The declared unit is 1m2 of installed plasterboard with a weight of 12 kg/m2 and an expected average service life of 50 years. The GWP value is taken from the 'Climate Change' row under the 'Product stage, A1-A3' column."
Ready-Mix Concrete (M-30),Concrete & Cement,JSW Green Cement Private Limited,245.0,kg CO2 eq/m3,1 m3,A1-A3,The International EPD System,2022,2027,India,EPD-IES-0006471_001.pdf,HIGH,"GWP value represents M-30 grade concrete, which is the highest volume contributor (55.16%) in the EPD. Values for other grades are available in the document."
Zinc Product,Steel & Metal,Hindustan Zinc Limited,5460.0,kg CO2 eq/tonne,1 tonne,A1-A3,The International EPD System,2022,2028,India,EPD-IES-0006472_001.pdf,HIGH,"GWP value calculated as sum of A1 (6.88E+02), A2 (1.33E+02), and A3 (4.64E+03) as per Table 11 and confirmed by interpretation in Table 15."
HPL-Compact Panels,Other,Stylam Industries Limited,7.82,kg CO2 eq.,1 m2,A1-A3,The International EPD® System,2023,2028,India,EPD-IES-0006473_002.pdf,HIGH,The GWP value is for 1 m2 of 6mm HPL-Compact Panel. The GWP-total for other thicknesses are provided as conversion factors in Table 4-13.
Grey & Ductile Iron Manhole Cover,Steel & Metal,RBA Ferro Industries Private Limited,384.0,kg CO2 eq/piece,1 piece (142 kg),A1-A3,EPD International AB,2023,2028,India,EPD-IES-0006475_002.pdf,HIGH,GWP value represents GWP-total for A1-A3. Declared unit is 1 piece weighing 142 kg.
Clay Products,Brick & Masonry,Prayag Clay Products Limited,47.9,kg CO2 eq/tonne,1 tonne,A1-A3,The International EPD System,2023,2028,India,EPD-IES-0006476_001.pdf,HIGH,The GWP value for A1-A3 is 4.79E+01 (47.9) per 1 tonne of product as reported in Table 4-7.
Galvanized Steel,Steel & Metal,JSW Steel Coated Products Limited (JSWSCPL),3150,kg CO2 eq.,1 tonne,A1-A3,EPD International AB,2023,2028,India,EPD-IES-0006477_001.pdf,HIGH,"GWP value is for Climate Change - total, A1-A3 module. Value is 3.15E+03."
Galvalume Steel,Steel & Metal,JSW Steel Coated Products Limited (JSWSCPL),3590.0,kg CO2 eq/tonne,1 tonne,A1-A3,The International EPD System,2023,2028,India,EPD-IES-0006478_001.pdf,HIGH,GWP value 3.59E+03 converted from kg CO2 eq/tonne to 3590.0.
Pre-painted Galvanized Steel Product,Steel & Metal,JSW Steel Coated Products Limited (JSWSCPL),3420.0,kg CO2 eq/tonne,1 tonne,A1-A3,The International EPD System,2023,2028,India,EPD-IES-0006481_001.pdf,HIGH,
Pre-painted Galvalume,Steel & Metal,JSW Steel Coated Products Limited (JSWSCPL),3790.0,kg CO2 eq/tonne,1 tonne,A1-A3,EPD International AB,2023,2028,India,EPD-IES-0006482_001.pdf,HIGH,GWP value 3.79E+03 converted to 3790.0. Declared unit is 1 tonne.
Galvanized Steel,Steel & Metal,JSW Steel Coated Products Limited (JSWSCPL),3240.0,kg CO2 eq./tonne,1 tonne,A1-A3,EPD International AB,2023,2028,India,EPD-IES-0006483_001.pdf,HIGH,The GWP value is for the A1-A3 life cycle stage and is reported in kg CO2 eq. per tonne of Galvanized Steel.
Pre-Painted Galvanized Steel,Steel & Metal,JSW Steel Coated Products Limited (JSWSCPL),3560.0,kg CO2 eq/tonne,1 tonne,A1-A3,EPD International AB,2023,2028,India,EPD-IES-0006485_001.pdf,HIGH,
Pre-painted Galvalume,Steel & Metal,JSW Steel Coated Products Limited (JSWSCPL),3950.0,kg CO2 eq/tonne,1 tonne,A1-A3,EPD International AB,2023,2028,India,EPD-IES-0006486_001.pdf,HIGH,GWP value 3.95E+03 converted to 3950.0 per tonne.
Galvanized Steel,Steel & Metal,JSW Steel Coated Products Limited (JSWSCPL),5010.0,kg CO2 eq.,1 tonne,A1-A3,EPD International AB,2023,2028,India,EPD-IES-0006487_001.pdf,HIGH,"The GWP value is for the A1-A3 stage. The declared unit is 1 tonne, but the table shows results per tonne. The GWP value is presented as 5.01E+03 in the table."
Galvalume Steel,Steel & Metal,JSW Steel Coated Products Limited (JSWSCPL),3970.0,kg CO2 eq/tonne,1 tonne,A1-A3,EPD International AB,2023,2028,India,EPD-IES-0006488_001.pdf,HIGH,GWP value converted from 3.97E+03 kg CO2 eq per tonne.
Pre-painted Galvanized Steel Product,Steel & Metal,JSW Steel Coated Products Limited (JSWSCPL),5380.0,kg CO2 eq.,1 tonne,A1-A3,,,,,EPD-IES-0006489_001.pdf,,
Pre-painted Galvalume,Steel & Metal,JSW Steel Coated Products Limited (JSWSCPL),4320.0,kg CO2 eq/tonne,1 tonne,A1-A3,EPD International AB,2023,2028,India,EPD-IES-0006490_001.pdf,HIGH,GWP value extracted from Table 11 for A1-A3 module. 4.32E+03 equals 4320.0.
Magnetron Coated Glass on SGG PLANILUX® 5 mm,Glass,Saint-Gobain India Private Limited,17.2,kg CO2 eq.,1 m2,A1-A3,The International EPD® System,2024,2029,India,EPD-IES-0006878_002.pdf,HIGH,"The GWP value is for the ""Climate Change (fossil)"" indicator within the A1-A3 stage, which is explicitly mentioned as ""GHG [kg CO2 eq.]"" in the ""Carbon Footprint"" section."
Magnetron Coated Glass on SGG PARSOL,Glass,Saint-Gobain India Pvt. Ltd,19.1,kg CO2 eq/m2,1 m2,A1-A3,The International EPD System,2024,2029,India,EPD-IES-0006880_002.pdf,HIGH,GWP value represents Climate Change (total) for A1-A3 modules.
Ground Granulated Blast Furnace Slag (GGBS),Concrete & Cement,JSW Cement Limited,68.96,kg CO2 eq/tonne,1 tonne,A1-A3,EPD International AB,2025,2030,India,EPD-IES-0007405_001.pdf,HIGH,The declared unit is 1 tonne (1000 kg) of GGBS.
Ground Granulated Blast Furnace Slag (GGBS) and Microfine GGBS,Concrete & Cement,JSW Cement Limited,107.7,kg CO2 eq.,1 tonne,A1-A3,EPD International AB,2025,2030,India,EPD-IES-0007759_001.pdf,HIGH,"The GWP-GHG value of 107.7 kg CO2 eq. is for the A1-A3 life cycle stage. The declared unit is 1 tonne of GGBS and its variant Microfine GGBS. The GWP-GHG value includes a specific note about A1 module impact due to secondary material, GBFS, accounting for 52.53% of the total GWP-GHG(A1-A3) impact."
Austenitic Hot Rolled Annealed Pickled Plates and Coils,Steel & Metal,Jindal Stainless Limited,4840.0,kg CO2 eq.,1 tonne,A1-A3,EPD International AB,2025,2030,India,EPD-IES-0007840_002.pdf,HIGH,
JSP’s TMT Rebar (100% Recycled Scrap),Steel & Metal,Jindal Steel & Power,445.0,kg CO2 eq/metric ton,1 metric ton,A1-A3,EPD International - AB,2024,2029,India,EPD-IES-0008168_005.pdf,HIGH,GWP value extracted from GWP-total row for A1-A3 (4.45E+02 = 445.0). Declared unit is 1 metric ton.
Ductile Iron Pipe (DN 100),Steel & Metal,Jindal SAW Limited,17.3,kg CO2 eq,1m,A1-A3,EPD International AB,2025,2030,India,EPD-IES-0008990_001.pdf,HIGH,GWP value is for GWP-GHG indicator. The table 'Potential environmental impact – mandatory indicators according to EN 15804:2012+A2:2019/AC:2021' shows GWP-total as 1.76E+01 kg CO2 eq for A1-A3. The table 'Potential environmental impact-additional mandatory' shows GWP - GHG as 1.73E+01 kg CO2 eq for A1-A3. Using the latter as it is more specific.
Tinplate Product,Steel & Metal,JSW Steel Coated Products Limited (JSWSCPL),3960.0,kg CO2 eq/tonne,1 tonne of Tinplate,A1-A3,EPD International AB,2023,2028,India,EPD-IES-0009207_001.pdf,HIGH,
Average Fencing Products,Steel & Metal,Suyash Global Pvt Ltd,3.20,kg CO2 eq/kg,1 kg,A1-A3,The International EPD System,2023,2028,India,EPD-IES-0009208_001.pdf,HIGH,GWP value extracted from Table 4.2 for A1-A3.
SGG PLANILUX®,Glass,SAINT-GOBAIN INDIA PRIVATE LIMITED,18.7,kg CO2eq.,1 m²,A1-A3,The International EPD® System,2023,2028,India,EPD-IES-0009213_002.pdf,HIGH,"The GWP value is taken from the 'Environmental impacts' table, under 'Global Warming Potential (GWP)' for the 'PRODUCT STAGE' (A1-A3) column. The value is presented as 1.87E+01 which is interpreted as 18.7."
High Pressure Laminates,Plastic & Polymer,Stylam Industries Limited,1.46,kg CO2 eq.,1 m2,A1-A3,The International EPD® System,2023,2028,India,EPD-IES-0009219_001.pdf,HIGH,GWP value is for 1 m2 of 0.7 mm HPL.
SGG PARSOL®,Glass,SAINT-GOBAIN INDIA PRIVATE LIMITED,13.6,kg CO2 eq/m2,1 m2,A1-A3,The International EPD® System,2023,2028,India,EPD-IES-0009222_001.pdf,HIGH,GWP value for A1-A3 is 1.36E+01 kg CO2 eq/m2 as per the Environmental Impacts table.
SGG PARSOL®,Glass,SAINT-GOBAIN INDIA PRIVATE LIMITED,20.5,kg CO2 eq.,1 m2,A1-A3,The International EPD® System,2023,2028,India,EPD-IES-0009223_004.pdf,HIGH,The GWP value of 20.50 kg CO2 eq. is explicitly stated in the 'LCA interpretation' section under 'Global warming' for the 'Product (A1-A3)' stage. The declared unit is 1 m2 of body tinted glass PARSOL® for 6 mm with a light transmittance in the range of 14-74% for an expected average service life of 30 years.
Steel Rebar,Steel & Metal,Raajratna Metal Industries Limited,2762.88,kg CO2 eq/ton,1 ton of Steel Rebar,A1-A3,The International EPD® System,2023,2028,India,EPD-IES-0009225_001.pdf,HIGH,
High Pressure Laminates,Plastic & Polymer,CROWN DECOR PRIVATE LIMITED,21.0,kg CO2 eq/m2,1 m2,A1-A3,EPD International AB,2023,2028,India,EPD-IES-0009226_001.pdf,HIGH,"GWP value is for 6 mm thickness. The EPD covers A1-A3, A5, C1-C4, and D."
Structural Steel Product,Steel & Metal,Jindal Steel and Power,3670,kg CO2 eq.,1 tonne,A1-A3,EPD International AB,2023,2024,India,EPD-IES-0009803_001.pdf,HIGH,"GWP value is for Climate Change - total, A1-A3 column. Value is 3.67E+03 which is 3670."
"Reinforcement Steel Bars, Round Bar, Wire Rod & RSC Steel Product",Steel & Metal,Jindal Steel and Power,3450.0,kg CO2 eq/tonne,1 tonne,A1-A3,EPD International AB,2022,2024,India,EPD-IES-0009805_001.pdf,HIGH,GWP value 3450.0 derived from 3.45E+03 kg CO2 eq. Declared unit is 1 tonne.
Average Plate & Coil Steel Product,Steel & Metal,Jindal Steel and Power,3650.0,kg CO2 eq/tonne,1 tonne,A1-A3,EPD International AB,2022,2024,India,EPD-IES-0009806_001.pdf,HIGH,GWP value 3.65E+03 converted to 3650.0 kg CO2 eq per 1 tonne.
Magnetron coated glass on SGG PLANILUX,Glass,Saint-Gobain India Private Limited,21.1,kg CO2 eq/m3,1 m2,A1-A3,The International EPD® System,2023,2028,India,EPD-IES-0009807_001.pdf,HIGH,"The GWP value of 21.10 kg CO2 eq/m3 is explicitly stated in the 'LCA interpretation' section, within the 'Global Warming Potential (Climate Change) (GWP)' subsection, presented in a graphical representation and also in text. The value corresponds to the A1-A3 (Product stage) for the functional unit of 1 m2."
Magnetron coated glass on SGG PLANILUX,Glass,Saint-Gobain India Pvt. Ltd,27.6,kg CO2 eq/m2,1 m2,A1-A3,The International EPD System,2023,2028,India,EPD-IES-0009808_001.pdf,HIGH,"GWP value represents the sum of Climate Change (fossil, biogenic, and land use change) for A1-A3 as per the provided LCA results table."
Magnetron coated glass on SGG PLANILUX,Glass,Saint-Gobain India Private Limited,40.3,kg CO2 eq/m2,1 m2,A1-A3,The International EPD System,2023,2028,India,EPD-IES-0009809_001.pdf,HIGH,GWP value represents Climate Change (total) for A1-A3 modules.
Magnetron coated glass on SGG PARSOL,Glass,Saint-Gobain India Pvt. Ltd,15.8,kg CO2 eq/m2,1 m2,A1-A3,The International EPD System,2023,2028,India,EPD-IES-0009810_001.pdf,HIGH,GWP value for A1-A3 is 1.58E+01 kg CO2 eq/m2 as per the Environmental Impacts table.
Magnetron coated glass on SGG PARSOL,Glass,SAINT-GOBAIN INDIA PRIVATE LIMITED – GLASS BUSINESS,22.7,kg CO2 eq.,1 m2,A1-A3,The International EPD® System,2023,2028,India,EPD-IES-0009811_001.pdf,HIGH,The GWP value is taken from the 'Climate Change [kg CO2 eq.]' row under the 'A1-A3' column in the 'LCA results' section. The value is presented as 2.27E+01 which is equivalent to 22.7.
Stainless Steel Cast & Rolled Products,Steel & Metal,Laxcon Steel Limited,2010.0,kg CO2 eq/tonne,1 tonne,A1-A3,EPD International AB,2023,2028,India,EPD-IES-0009813_001.pdf,HIGH,GWP value calculated from 2.01E+03 kg CO2-eq per 1 tonne.
Deskpro,Other,AFC System Pvt Ltd,173.15,kg CO2 eq/unit,1 unit,A1-A3,The International EPD System,2023,2028,India,EPD-IES-0009814_001.pdf,HIGH,GWP value taken from 'Global Warming Potential - Total' row for A1-A3. The declared unit is one unit of Deskpro.
JSP’s Structural Steel (100% Recycled Scrap),Steel & Metal,Jindal Steel & Power,514.0,kg CO2 eq./kg,1 metric ton,A1-A3,EPD International AB,2023,2028,India,EPD-IES-0009817_001.pdf,HIGH,"The GWP value is derived from the 'GWP-total' indicator in the 'Results per one metric ton of Structural Steel' table, specifically for the A1-A3 column. The value 5.14E+02 has been converted to 514.0. The declared unit is '1 metric ton', and the GWP unit is 'kg CO2 eq./kg' as implied by the table's structure and common EPD reporting conventions for GWP-total."
"Roofing Underlayment, Building Wrap & Flashing Tape",Plastic & Polymer,Veer Plastics Pvt Ltd,3.51,kgCO2e,1 kg,A1-A3,EPD International AB,2024,2029,India,EPD-IES-0009819_001.pdf,HIGH,This EPD represents the average result of multiple construction products.
Gyproc® Moisture Resistant Board (12.5mm),Other,Saint-Gobain India Pvt. Ltd.,2.10,kg CO2 eq/m2,1 m2,A1-A3,The International EPD® System,2024,2029,India,EPD-IES-0009820_001.pdf,HIGH,GWP value represents Climate Change - total for A1-A3. Declared unit is 1 m2 of installed plasterboard.
Moisture Resistant Board,Other,Saint-Gobain India Pvt. Ltd,4.64,kg CO2 eq.,"1 m2 of installed plasterboard 12,5 mm with a weight of 8.52 kg/m2 and an expected average service life of 50 years",A1-A3,The International EPD® System,2024,2029,India,EPD-IES-0009821_001.pdf,HIGH,"The GWP value is taken from the 'Climate Change [kg CO2 eq.]' row under the 'Product stage, A1-A3' column."
Gyproc® Fire-Resistant & Moisture Resistant Board,Other,Saint-Gobain India Pvt. Ltd.,7.18,kg CO2 eq/m2,1 m2,A1-A3,The International EPD® System,2024,2029,India,EPD-IES-0009823_001.pdf,HIGH,GWP value represents Climate Change - total for A1-A3. Declared unit is 1 m2 of installed board.
Smart Ducting System,Insulation,Asawa Insulation Pvt. Ltd.,11.2,kg CO2 eq/m2,1 m2,A1-A3,EPD International AB,2025,2030,India,EPD-IES-0010024_002.pdf,HIGH,GWP value represents GWP-total for 20mm thickness. Declared unit is 1 m2.
VDS Curtain Wall Partition,Steel & Metal,Saint-Gobain India PVT Ltd. – Vetrotech Business,9.64,kg CO2 eq/m,1 m,A1-A3,The International EPD System,2024,2029,India,EPD-IES-0011999_001.pdf,HIGH,GWP value represents Climate Change [kg CO2 eq.] for A1-A3. Declared unit is 1 m of installed partition.
Average Black/Bare Steel Pipe,Steel & Metal,Surya Roshni Limited,3070.0,kg CO2 eq/tonne,1 tonne,A1-A3,EPD International AB,2023,2024,India,EPD-IES-0012001_001.pdf,HIGH,GWP value extracted from Table 14 (Climate Change - total) for A1-A3. The value 3.07E+03 corresponds to 3070 kg CO2 eq per 1 tonne.
Average Red oxide/3LPE/Epoxy coated Steel Pipes,Steel & Metal,Surya Roshni Limited,2900.0,kg CO2 eq/tonne,1 tonne,A1-A3,EPD International AB,2023,2024,India,EPD-IES-0012003_001.pdf,HIGH,"GWP value extracted from Table 14, row 'Climate Change - total' for A1-A3 column (2.90E+03)."
Average Cold Rolled/Pre-Galvanized Steel Pipes,Steel & Metal,Surya Roshni Limited,2580,kg CO2 eq/tonne,1 tonne,A1-A3,EPD International AB,2023,2024,India,EPD-IES-0012004_001.pdf,HIGH,GWP value 2.58E+03 converted to 2580. Declared unit is 1 tonne.
Cold Rolled Steel Strips,Steel & Metal,Surya Roshni Limited,3500.0,kg CO2 eq/tonne,1 tonne,A1-A3,EPD International AB,2023,2024,India,EPD-IES-0012005_001.pdf,HIGH,"GWP value extracted from Table 14, row 'Climate Change - total' for A1-A3. Value 3.50E+03 converted to 3500.0."
Steel Door Frames,Steel & Metal,Surya Roshni Limited,2670.0,kg CO2 eq/tonne,1 tonne,A1-A3,EPD International AB,2023,2024,India,EPD-IES-0012006_001.pdf,HIGH,GWP value 2.67E+03 converted to 2670.0. Declared unit is 1 tonne.
Steel Hot Rolled Coils,Steel & Metal,ArcelorMittal Nippon Steel India Limited,2580.0,kg CO2 eq/tonne,1 tonne,A1-A3,EPD International AB,2024,2029,India,EPD-IES-0012007_001.pdf,HIGH,GWP value 2.58E+03 converted to 2580.0 for 1 tonne.
Average Hot Rolled Pickled and Oiled (HRPO) Steel,Steel & Metal,ArcelorMittal Nippon Steel India Limited,2680.0,kg CO2 eq/tonne,1 tonne,A1-A3,EPD International AB,2024,2029,India,EPD-IES-0012008_001.pdf,HIGH,GWP value extracted from GWP-total row for A1-A3 column. 2.68E+03 converted to 2680.0.
Average Cold Rolled Closed Annealed / Cold Rolled Full Hard Steel,Steel & Metal,ArcelorMittal Nippon Steel India Limited,2790.0,kg CO2 eq./tonne,1 Tonne,A1-A3,EPD International AB,2024,2029,India,EPD-IES-0012009_001.pdf,HIGH,GWP value 2.79E+03 converted from 1 Tonne to 1000 kg basis. 2.79E+03 = 2790.0 kg CO2 eq. per tonne.
Steel Plates,Steel & Metal,ArcelorMittal Nippon Steel India Limited,3010.0,kg CO2 eq/tonne,1 tonne,A1-A3,EPD International AB,2024,2029,India,EPD-IES-0012010_001.pdf,HIGH,GWP value 3.01E+03 converted to 3010.0 for 1 tonne.
Average Galvanized Iron / Pre-Painted Galvanized Iron,Steel & Metal,ArcelorMittal Nippon Steel India Limited,3020.0,kg CO2 eq/tonne,1 tonne,A1-A3,EPD International AB,2024,2029,India,EPD-IES-0012011_001.pdf,HIGH,GWP value 3.02E+03 converted from 1 tonne to 1000 kg unit. 3.02E+03 = 3020.
Steel Pipes,Steel & Metal,ArcelorMittal Nippon Steel India Limited,3210.0,kg CO2 eq/tonne,1 tonne,A1-A3,EPD International AB,2024,2029,India,EPD-IES-0012012_001.pdf,HIGH,GWP value 3.21E+03 converted from 1 tonne to 1000 kg basis.
Ductile Iron Pipe,Steel & Metal,Jindal Saw Limited,2460.0,kg CO2 eq/1000 kg,1000 kg,A1-A3,EPD International AB,2024,2029,India,EPD-IES-0012013_005.pdf,HIGH,GWP value extracted from the 'GWP-total' row for A1-A3 (2.46E+03 = 2460.0). Declared unit is 1000 kg.
SAWH Coated Steel Pipe,Steel & Metal,Jindal SAW Limited,1787.33,kg CO2 eq/1000 kg,1000 kg,A1-A3,EPD International AB,2024,2029,India,EPD-IES-0012014_003.pdf,HIGH,GWP value extracted from the A1-A3 column for GWP-fossil as per standard practice for construction products.
CRA Welded Pipe,Steel & Metal,Jindal SAW Limited,1968.07,kg CO2 eq/1000 kg,1000 kg,A1-A3,EPD International AB,2024,2029,India,EPD-IES-0012015_003.pdf,HIGH,The GWP value provided is the GWP-total for the A1-A3 stage as listed in the environmental performance table.
Seal Coat SF 150,Other,Penetron Products Private Limited,0.531133,kg CO2 eq/kg,1 kg,A1-A3,EPD International AB,2024,2029,India,EPD-IES-0012017_001.pdf,HIGH,GWP-total value used from the mandatory impact category indicators table.
TECHGRID Polymeric Coated Polyester Geogrid,Plastic & Polymer,TECHFAB India Industries Limited,5.99,kg CO2 eq/kg,1 kg,A1-A3,EPD International AB,2024,2029,India,EPD-IES-0012018_001.pdf,HIGH,GWP value extracted from GWP-total row for A1-A3 stage.
TECHSTRAP High Strength Polymeric Geosynthetics Strips,Plastic & Polymer,TECHFAB India Industries Limited,4.34,kg CO2 eq/kg,1 kg,A1-A3,EPD International AB,2024,2029,India,EPD-IES-0012053_001.pdf,HIGH,GWP-total value used from A1-A3 column.
TECHLINK High strength strip bonded Flexible Geogrid,Plastic & Polymer,TECHFAB India Industries Limited,4.59,kg CO2 eq/kg,1 kg,A1-A3,EPD International AB,2024,2029,India,EPD-IES-0012054_001.pdf,HIGH,GWP-total value used for A1-A3.
Indowud NFC Board,Plastic & Polymer,Indowud NFC Private Limited,830.0,kg CO2 eq/1000kg,1000 kg,A1-A3,EPD International AB,2024,2030,India,EPD-IES-0012055_005.pdf,HIGH,GWP value extracted from the 'GWP – total' row for A1-A3 column. The declared unit is 1000kg.
Gypserra Metal Framing,Steel & Metal,Saint-Gobain India Pvt. Ltd. - Gyproc,3.03,kg CO2 eq/kg,1 kg,A1-A3,EPD International AB,2024,2029,India,EPD-IES-0012056_001.pdf,HIGH,GWP value extracted from the 'Climate Change' row for A1-A3 in the Environmental Impacts table.
"TMT Bars - ARS 550D, ARS CRS 550D",Steel & Metal,ARS Steels and Alloy International Private Ltd,592.0,kg CO2 eq/1000kg,1000 kg,A1-A3,EPD International AB,2024,2030,India,EPD-IES-0012057_005.pdf,HIGH,GWP value is for A1-A3 modules. Declared unit is 1000kg.
ERW Hot Dip Galvanized Steel Pipe,Steel & Metal,Garg Tube Export LLP,3350.0,kg CO2 eq/tonne,1 tonne,A1-A3,EPD International AB,2024,2029,India,EPD-IES-0012935_001.pdf,HIGH,GWP value 3.35E+03 converted from 1 tonne declared unit.
Steel Plate,Steel & Metal,Namco Industries Pvt. Ltd.,2970.0,kg CO2 eq/tonne,1 Tonne,A1-A3,EPD International AB,2024,2029,India,EPD-IES-0013554_001.pdf,HIGH,GWP value 2.97E+03 converted to 2970.0 per 1 Tonne.
TECHDRAIN- Drainage Composite,Plastic & Polymer,TECHFAB India Industries Limited,4.0,kg CO2 eq/kg,1 kg,A1-A3,EPD International AB,2024,2029,India,EPD-IES-0013756_001.pdf,HIGH,GWP value represents GWP-total for A1-A3.
TECHGEO - Nonwoven needle punched geotextile fabric,Plastic & Polymer,TECHFAB India Industries Limited,4.50,kg CO2 eq/kg,1 kg,A1-A3,EPD International AB,2024,2029,India,EPD-IES-0013757_001.pdf,HIGH,GWP-total value used from the mandatory impact category indicators table.
Steel Plate,Steel & Metal,JSW Steel Ltd,3260.0,kg CO2 eq/tonne,1 Tonne,A1-A3,EPD International AB,2024,2029,India,EPD-IES-0013786_001.pdf,HIGH,GWP value 3.26E+03 converted from 1 Tonne unit.
Acoustic Modular Designer Control Room Interiors with Modular Metal Paneling / Partition and Designer Metal Ceiling,Steel & Metal,ONEPWS PRIVATE LIMITED,4710.0,kg CO2 eq/ton,1 ton,A1-A3,EPD International AB,2024,2029,India,EPD-IES-0013848_002.pdf,HIGH,GWP value extracted from the table for A1-A3 as 4.71E+03 kg CO2 eq. per 1 ton.
DB DAZZLE Raised Access Flooring,Steel & Metal,DB DAZZLE MODULAR SYSTEMS,67.7,kg CO2 eq/m2,1 m2,A1-A3,EPD International AB,2024,2029,India,EPD-IES-0013866_001.pdf,HIGH,GWP value taken from GWP-total row for A1-A3.
Saltech Pavement Products,Other,Saltech Design Labs,0.259,kg CO2 eq/kg,1 kg,A1-A3,EPD International AB,2024,2029,India,EPD-IES-0014188_001.pdf,HIGH,GWP-total for A1-A3 is 2.59E-01 kgCO2 eq/kg.
Saltech Slabbing Products,Concrete & Cement,Saltech Design Labs,0.226,kg CO2 eq/kg,1 kg,A1-A3,EPD International AB,2024,2029,India,EPD-IES-0014189_001.pdf,HIGH,GWP value represents GWP-total for A1-A3 stages. The product is a composite material used as an alternative to concrete.
Conference Table,Other,Kokuyo Workplace India Limited,211.0,kg CO2 eq/piece,1 piece,A1-A3,EPD International AB,2024,2029,India,EPD-IES-0014193_004.pdf,HIGH,GWP-total value for A1-A3 is 2.11E+02 (211.0). Declared unit is 1 piece of Conference Table.
Desking Products (Avail Bench),Other,Kokuyo Workplace India Limited,655.0,kg CO2 eq/piece,1 piece,A1-A3,EPD International AB,2024,2029,India,EPD-IES-0014194_002.pdf,HIGH,GWP-fossil value used (6.55E+02). Representative product is Avail Bench.
Avail Height Adjustable Desk (4-person cluster),Other,Kokuyo Workplace India Limited,848.0,kg CO2 eq/piece,1 piece,A1-A3,EPD International AB,2024,2029,India,EPD-IES-0014195_004.pdf,HIGH,GWP-total value for A1-A3 is 8.48E+02 (848.0). Declared unit is 1 piece of Avail Height Adjustable Desk (4-person cluster).
Bricks,Brick & Masonry,Jay Jalaram Brick Works,80.5,kg CO2 eq/MT,1 MT,A1-A3,EPD International AB,2024,2029,India,EPD-IES-0014544_002.pdf,HIGH,GWP value taken from GWP-total row for A1-A3 (8.05E+01). Declared unit is 1 MT (1000 kg).
TMT bars,Steel & Metal,Peekay Rolling Mills Pvt. Ltd.,3220.0,kg CO2 eq/MT,1 MT,A1-A3,EPD International AB,2024,2029,India,EPD-IES-0014568_003.pdf,HIGH,GWP-total value for A1-A3 is 3.22E+03 kg CO2 eq per 1 MT.
Storage Systems (Avail Steel Pedestal),Steel & Metal,Kokuyo Workplace India Limited,769.0,kg CO2 eq/m3,1 m3,A1-A3,EPD International AB,2024,2029,India,EPD-IES-0015163_002.pdf,HIGH,GWP value represents GWP-total for A1-A3 as 7.69E+02.
No 16 Chair,Other,Kokuyo Workplace India Limited,70.8,kg CO2 eq.,1 piece,A1-A3,EPD International AB,2024,2029,India,EPD-IES-0015164_002.pdf,HIGH,GWP-total value for A1-A3 used.
ORAÉ® 4 mm,Glass,Saint-Gobain India Private Limited,5.24,kg CO2 eq/m2,1 m2,A1-A3,The International EPD® System,2024,2029,India,EPD-IES-0015184_001.pdf,HIGH,GWP value represents Climate Change total for A1-A3 stages.
"Thermal Insulation Products - Elastomeric Nitrile Insulation Products (Nitrile Sheets, Tubes and Acoustics)",Insulation,ALP Aeroflex India Pvt LTD,4.43,kg CO2 eq/kg,1 kg,A1-A3,EPD International AB,2024,2029,India,EPD-IES-0015196_003.pdf,HIGH,GWP value taken from GWP-total row for A1-A3.
Gyproc Elite 100,Other,Saint-Gobain India Pvt. Ltd,0.0563,kg CO2 eq/kg,1 kg,A1-A3,The International EPD System,2024,2029,India,EPD-IES-0015233_003.pdf,HIGH,GWP value for A1-A3 is 5.63E-02 kg CO2 eq. per 1 kg declared unit.
Gyproc Elite -MR (Moisture Resistant) Plaster,Other,Saint-Gobain India Pvt. Ltd,0.126,kg CO2 eq/kg,1 kg,A1-A3,The International EPD System,2024,2029,India,EPD-IES-0015234_003.pdf,HIGH,GWP value for A1-A3 is 1.26E-01 kg CO2 eq/kg as per the Environmental Impacts table.
JSP’s Steel Plate (100% Recycled Scrap),Steel & Metal,Jindal Steel & Power,450.0,kg CO2 eq/metric ton,1 metric ton,A1-A3,EPD International AB,2024,2029,India,EPD-IES-0015506_005.pdf,HIGH,GWP value extracted from GWP-total row for A1-A3. 4.50E+02 equals 450.0.
Unitile Steel Cementitious Panel (USF),Steel & Metal,United Office Systems Pvt. Ltd. (Unitile India),54.4,kg CO2 eq/m2,1 m2,A1-A3,EPD International AB,2024,2029,India,EPD-IES-0015660_001.pdf,HIGH,GWP-total value for A1-A3 used (5.44E+01). Declared unit is 1 m2.
U-Flex Structural Ceiling & Partition Systems,Aluminium,United Office Systems Pvt. Ltd. (Unitile India),25.9,kg CO2 eq/kg,1 kg,A1-A3,EPD International AB,2024,2029,India,EPD-IES-0015661_001.pdf,HIGH,GWP-total value for A1-A3 is 2.59E+01 kg CO2 eq/kg.
Unitile Calcium Sulphate Panel (UCS),Other,United Office Systems Pvt Ltd (Unitile India),41.1,kg CO2 eq/m2,1 m2,A1-A3,EPD International AB,2024,2029,India,EPD-IES-0015662_001.pdf,HIGH,GWP-total value for A1-A3 used as primary GWP indicator.
Steel Wire Ropes,Steel & Metal,Usha Martin Limited,3750.0,kg CO2 eq/1 metric tonne,1 metric tonne,A1-A3,EPD International AB,2026,2031,India,EPD-IES-0015922_001.pdf,HIGH,GWP value represents GWP-total for A1-A3. The value 3.75E+03 was converted to 3750.0.
"Ductile and grey iron manhole cover, grate and frame",Steel & Metal,R.B.Agarwalla & Co.,1.66,kg CO2 eq/kg,1 kg,A1-A3,EPD International AB,2024,2029,India,EPD-IES-0016083_002.pdf,HIGH,GWP value represents GWP-total for A1-A3.
"XLPE Thermal Insulation Products (Sheets, Tubes and Acoustics)",Insulation,ALP Aeroflex India Pvt LTD,6.65,kg CO2 eq/kg,1 kg,A1-A3,EPD International AB,2024,2029,India,EPD-IES-0016326_001.pdf,HIGH,GWP value taken from GWP-total row for A1-A3.
Keraflex Easy S1 Grey Zero,Concrete & Cement,Mapei Construction Product India Ltd.,0.493,kg CO2 eq/kg,1 kg,A1-A3,The International EPD System,2025,2030,India,EPD-IES-0016396_001.pdf,HIGH,GWP value converted from 4.93E-01 kg CO2 eq.
Keraflex Easy S1 White Zero,Concrete & Cement,Mapei Construction Product India Ltd.,0.559,kg CO2 eq/kg,1 kg,A1-A3,EPD International AB,2025,2030,India,EPD-IES-0016397_002.pdf,HIGH,GWP value converted from 5.59E-01
High Pressure Laminate,Plastic & Polymer,Merino Industries Limited,0.522,kg CO2 eq/m2,1 m2,A1-A3,EPD International AB,2024,2029,India,EPD-IES-0016401_002.pdf,HIGH,The GWP value for A1-A3 is 5.22E-01 kg CO2 eq per 1 m2 of 1 mm HPL.
Compact Laminate,Plastic & Polymer,Merino Industries Limited,3.51,kg CO2 eq/m2,1 m2,A1-A3,EPD International AB,2024,2029,India,EPD-IES-0016404_002.pdf,HIGH,Declared unit is 1 m2 of Compact of 6 mm thickness.
ER 1711,Other,SEPR India,3110.0,kg CO2 eq/tonne,1 tonne,A1-A3,EPD International AB,2024,2031,India,EPD-IES-0016475_003.pdf,HIGH,"GWP value extracted from the A1-A3 column for Climate change potential (GWP) - total. 3,11E+03 converted to 3110.0."
Steel Plates,Steel & Metal,Jindal Steel & Power,1650.0,kg CO2 eq/tonne,1 tonne,A1-A3,EPD International AB,2024,2029,India,EPD-IES-0016478_001.pdf,HIGH,GWP value 1.65E+03 converted from 1 tonne to 1000 kg basis.
"Average ductile and grey iron manhole cover, channel gratings and pipe fittings",Steel & Metal,Global Castings Pvt. Ltd.,2.99,kg CO2 eq/kg,1 kg,A1-A3,EPD International AB,2024,2029,India,EPD-IES-0016507_003.pdf,HIGH,GWP-total value for A1-A3 used.
Hot Rolled Coils,Steel & Metal,Jindal Steel Odisha Ltd.,1530.0,kg CO2 eq/t,1 t,A1-A3,EPD International AB,2025,2030,India,EPD-IES-0016558_001.pdf,HIGH,GWP value 1.53E+03 converted to 1530.0 per 1 tonne.
Bi-55-(520-550 Wp) Glass to Glass Bifacial Module,Other,Waaree Energies Limited,0.447,kg CO2 eq/Wp,1 Wp,A1-A3,EPD International AB,2024,2029,India,EPD-IES-0016931_002.pdf,HIGH,The GWP value is for A1-A3 and is reported as 4.47E-01 kg CO2 eq per 1 Wp.
BiN-08-(565-600 Wp) Glass to Glass Bifacial TOPCon Module,Other,Waaree Energies Limited,0.372,kg CO2 eq/Wp,1 Wp,A1-A3,EPD International AB,2024,2029,India,EPD-IES-0016932_002.pdf,HIGH,The GWP value is for A1-A3 per 1 Wp. The declared unit is 1 Wp.
Hicem Fiber Cement board,Concrete & Cement,Ramco Industries Limited,7.06,kg CO2 eq/m2,1 m2,A1-A3,EPD International AB,2025,2030,India,EPD-IES-0017242_001.pdf,HIGH,GWP value represents GWP-total for A1-A3 as per the results table.
Hilux Calcium Silicate Board (CSB),Other,Ramco Industries Limited,5.23,kg CO2 eq/m2,1 m2,A1-A3,EPD International AB,2025,2030,India,EPD-IES-0017243_001.pdf,HIGH,GWP-total value for A1-A3 is 5.23E+00 kg CO2 eq/m2.
Hiden- High Density Fiber Cement Board,Concrete & Cement,Ramco Industries Limited,11.5,kg CO2 eq/m2,1 m2,A1-A3,EPD International AB,2025,2030,India,EPD-IES-0017244_001.pdf,HIGH,GWP value represents GWP-fossil for A1-A3. Total GWP (fossil + biogenic + luluc) for A1-A3 is 8.90E+00.
HiluxLite- Ultra Light Ceiling Tile,Other,Ramco Industries Limited,7.39,kg CO2 eq/m2,1 m2,A1-A3,EPD International AB,2025,2030,India,EPD-IES-0017245_001.pdf,HIGH,GWP value represents GWP-total for A1-A3.
Greencor- Non-Asbestos Corrugated sheet,Other,Ramco Industries Limited,7.06,kg CO2 eq/m2,1 m2,A1-A3,EPD International AB,2025,2030,India,EPD-IES-0017246_001.pdf,HIGH,GWP-total value for A1-A3 used as the primary GWP indicator.
Restora Ultra,Aluminium,Vedanta Aluminium,511.0,kg CO2 eq/tonne,1 tonne,A1-A3,EPD International AB,2025,2030,India,EPD-IES-0017309_005.pdf,HIGH,GWP-total value for A1-A3 is 5.11E+02 kg CO2 eq per 1 tonne.
Restora,Aluminium,Vedanta Aluminium,5840.0,kg CO2 eq/tonne,1 tonne,A1-A3,EPD International AB,2025,2030,India,EPD-IES-0017334_005.pdf,HIGH,GWP value extracted from the A1-A3 column for GWP-total. 5.84E+03 equals 5840.0.
RB Slabs,Insulation,"Saint Gobain India Pvt Ltd, Insulation Division",3.42,kg CO2 eq/m2,1 m2,A1-A3,EPD International AB,2024,2029,India,EPD-IES-0017630_001.pdf,HIGH,GWP value represents Climate Change (fossil) for A1-A3. Declared unit is 1 m2 of stonewool with thermal resistance of 1.42 K.m2.W-1.
RB Slab 160 kg/m3,Insulation,"Saint Gobain India Pvt Ltd, Insulation Division",11.1,kg CO2 eq/m2,1 m2,A1-A3,EPD International AB,2024,2029,India,EPD-IES-0017631_001.pdf,HIGH,GWP value 1.11E+01 converted to 11.1. Declared unit is 1 m2 of mineral wool with thermal resistance of 1.38 m2.K.W-1 for a thickness of 50 mm.
Rockinsul RB Slab,Insulation,"Saint Gobain India Pvt Ltd, Insulation Division",4.30,kg CO2 eq/m2,1 m2,A1-A3,EPD International AB,2025,2030,India,EPD-IES-0017633_003.pdf,HIGH,The declared unit is 1 m2 of mineral wool with a thickness of 50 mm. GWP value refers to Climate Change (total) for A1-A3.
Height Adjustable Table (HAT),Other,Featherlite Office Systems Private Limited,92.0,kg CO2 eq/unit,1 unit,A1-A3,EPD International AB,2025,2030,India,EPD-IES-0017772_002.pdf,HIGH,GWP-total value for A1-A3 is 9.20E+01 kg CO2 eq. The declared unit is one height-adjustable table weighing 72.44 kg.
Tapered Roller Bearing 32309XA,Steel & Metal,National Engineering Industries Ltd,8.76,kg CO2 eq.,1 unit,A1-A3,EPD International AB,2025,2030,India,EPD-IES-0017973_001.pdf,HIGH,The GWP value represents the total for A1-A3 (Upstream + Core). The declared unit is one bearing (weight 1.357 kg).
Tapered Roller Bearing 33022,Steel & Metal,National Engineering Industries Ltd.,15.35,kg CO2 eq/product,1 unit,A1-A3,EPD International AB,2025,2030,India,EPD-IES-0017974_001.pdf,HIGH,GWP value calculated as sum of Upstream (1.08E+01) and Core (4.55E+00) stages for A1-A3.
Cylindrical Roller Bearing NUP310N,Steel & Metal,National Engineering Industries Ltd,9.17,kg CO2 eq/kg,1 kg,A1-A3,EPD International AB,2025,2030,India,EPD-IES-0018019_001.pdf,HIGH,The GWP value represents the total (Upstream + Core + Downstream) as per the results table. The declared unit is 1 kg based on the product composition total.
Deep Groove Ball Bearing 6010,Steel & Metal,National Engineering Industries Ltd,2.67,kg CO2 eq/kg,1 kg,A1-A3,EPD International AB,2025,2030,India,EPD-IES-0018119_001.pdf,HIGH,"The GWP value 2.67 represents the Upstream (1.82) + Core (0.856) stages, which constitute A1-A3."
Unitized Taper Roller Bearing N1764XAT2XLLX,Steel & Metal,National Engineering Industries Ltd,53.6,kg CO2 eq.,1 unit,A1-A3,EPD International AB,2025,2030,India,EPD-IES-0018138_001.pdf,HIGH,The GWP value is the sum of Upstream (37.2) and Core (16.4) stages as per the A1-A3 requirement.
Double Row Angular Contact Ball Bearing AU0754-2LXL,Steel & Metal,National Engineering Industries Ltd,2.73,kg CO2 eq/unit,1 unit,A1-A3,EPD International AB,2025,2030,India,EPD-IES-0018154_001.pdf,HIGH,GWP value calculated as sum of Upstream (2.16E+00) and Core (5.73E-01) stages for A1-A3.
Cylindrical Roller Bearing TS2 NU2236,Steel & Metal,National Engineering Industries Ltd,487.0,kg CO2 eq/product,1 product,A1-A3,EPD International AB,2025,2030,India,EPD-IES-0018184_001.pdf,HIGH,"The GWP value is the sum of Upstream (1.63E+02), Core (3.22E+02), and Downstream (7.28E-01) fossil GWP, totaling 487.0 kg CO2 eq per product."
Cartridge Taper Roller Bearing 6X11 Class E,Steel & Metal,National Engineering Industries Ltd,154.3,kg CO2 eq/unit,1 unit,A1-A3,EPD International AB,2025,2030,India,EPD-IES-0018239_001.pdf,HIGH,"The GWP value for A1-A3 is calculated as the sum of Upstream (113) and Core (41.3) stages, totaling 154.3 kg CO2 eq per unit."
Ductile Iron Pipe (DN 125),Steel & Metal,Jindal SAW Limited,25.8,kg CO2 eq/m,1 m,A1-A3,EPD International AB,2025,2030,India,EPD-IES-0018395_001.pdf,HIGH,GWP value taken from GWP-total row for A1-A3.
Ductile Iron Pipe DN 150,Steel & Metal,Jindal SAW Limited,26.1,kg CO2 eq/m,1 m,A1-A3,EPD International AB,2025,2030,India,EPD-IES-0018396_001.pdf,HIGH,GWP value represents GWP-total for A1-A3 as per the environmental performance table.
Ductile Iron Pipe (DN 200),Steel & Metal,Jindal SAW Limited,35.6,kg CO2 eq/m,1 m,A1-A3,EPD International AB,2025,2030,India,EPD-IES-0018397_001.pdf,HIGH,GWP-total value for A1-A3 is 3.56E+01 kg CO2 eq per 1m.
Ductile Iron Pipe (DN 250),Steel & Metal,Jindal SAW Limited,101.0,kg CO2 eq/m,1 m,A1-A3,EPD International AB,2025,2030,India,EPD-IES-0018398_001.pdf,HIGH,GWP value 1.01E+02 converted to 101.0. Declared unit is 1m of pipe.
Ductile Iron Pipe (DN300),Steel & Metal,Jindal SAW Limited,136.0,kg CO2 eq/m,1 m,A1-A3,EPD International AB,2025,2030,India,EPD-IES-0018399_001.pdf,HIGH,GWP value extracted from the 'GWP-total' row for A1-A3. The value 1.36E+02 corresponds to 136.0.
Ductile Iron Pipe (DN 350),Steel & Metal,Jindal SAW Limited,161.0,kg CO2 eq/m,1 m,A1-A3,EPD International AB,2025,2030,India,EPD-IES-0018400_001.pdf,HIGH,GWP value extracted from the 'Potential environmental impact' table for A1-A3 (1.61E+02).
Ductile Iron Pipe (DN 400),Steel & Metal,Jindal SAW Limited,190.0,kg CO2 eq/m,1 m,A1-A3,EPD International AB,2025,2030,India,EPD-IES-0018401_001.pdf,HIGH,GWP value extracted from the 'GWP-total' row for A1-A3. The declared unit is 1m of pipe.
Ductile Iron Pipe (DN 450),Steel & Metal,Jindal SAW Limited,225.0,kg CO2 eq/m,1 m,A1-A3,EPD International AB,2025,2030,India,EPD-IES-0018402_001.pdf,HIGH,GWP value extracted from the 'GWP-total' row for A1-A3 column (2.25E+02).
Ductile Iron Pipe (DN 500),Steel & Metal,Jindal SAW Limited,269.0,kg CO2 eq/m,1 m,A1-A3,EPD International AB,2025,2030,India,EPD-IES-0018403_001.pdf,HIGH,GWP value extracted from the 'GWP-total' row for A1-A3 (2.69E+02).
Ductile Iron Pipe DN 600,Steel & Metal,Jindal SAW Limited,373.0,kg CO2 eq/m,1 m,A1-A3,EPD International AB,2025,2030,India,EPD-IES-0018404_001.pdf,HIGH,GWP value extracted from the 'GWP-total' row for A1-A3. The value 3.73E+02 corresponds to 373.0.
Ductile Iron Pipe (DN 700),Steel & Metal,Jindal SAW Limited,445.0,kg CO2 eq/m,1 m,A1-A3,EPD International AB,2025,2030,India,EPD-IES-0018405_001.pdf,HIGH,GWP value extracted from the 'Potential environmental impact' table for A1-A3 (4.45E+02).
Ductile Iron Pipe (DN 750),Steel & Metal,Jindal SAW Limited,521.0,kg CO2 eq/m,1 m,A1-A3,EPD International AB,2025,2030,India,EPD-IES-0018406_001.pdf,HIGH,GWP value extracted from the 'GWP-total' row for A1-A3 (5.21E+02).
Ductile Iron Pipe DN 800,Steel & Metal,Jindal SAW Limited,556.0,kg CO2 eq/m,1 m,A1-A3,EPD International AB,2025,2030,India,EPD-IES-0018407_001.pdf,HIGH,GWP value extracted from the 'GWP-total' row for A1-A3. The value 5.56E+02 is equivalent to 556.0.
Ductile Iron Pipe (DN 900),Steel & Metal,Jindal SAW Limited,690.0,kg CO2 eq/m,1 m,A1-A3,EPD International AB,2025,2030,India,EPD-IES-0018408_001.pdf,HIGH,GWP value extracted from the 'GWP-total' row for A1-A3 (6.90E+02).
Ductile Iron Pipe DN 1000,Steel & Metal,Jindal SAW Limited,839.0,kg CO2 eq/m,1 m,A1-A3,EPD International AB,2025,2030,India,EPD-IES-0018409_001.pdf,HIGH,GWP value extracted from GWP-total row for A1-A3 column (8.39E+02).
Ductile Iron Pipe (DN 1100),Steel & Metal,Jindal SAW Limited,1010.0,kg CO2 eq/m,1 m,A1-A3,EPD International AB,2025,2030,India,EPD-IES-0018410_001.pdf,HIGH,GWP value 1.01E+03 converted to 1010.0. Declared unit is 1m of pipe.
Ductile Iron Pipe (DN 1200),Steel & Metal,Jindal SAW Limited,1180.0,kg CO2 eq/m,1 m,A1-A3,EPD International AB,2025,2030,India,EPD-IES-0018411_001.pdf,HIGH,GWP value 1.18E+03 converted to 1180.0. Declared unit is 1m of pipe.
DN600 Ductile Iron Pipe,Steel & Metal,Jindal SAW Limited,1230.0,kg CO2 eq/ton,1 ton,A1-A3,EPD International AB,2025,2030,India,EPD-IES-0018412_001.pdf,HIGH,GWP-total value for A1-A3 is 1.23E+03 kg CO2 eq per 1 ton.
SGG Planilaque on Planilux 4mm,Glass,Saint-Gobain India Pvt. Ltd,13.5,kg CO2 eq/m2,1 m2,A1-A3,The International EPD System,2025,2030,India,EPD-IES-0019897_002.pdf,HIGH,GWP value extracted from the Climate Change row for A1-A3 column (1.35E+01).
SGG Planilaque on Planilux 5mm,Glass,Saint-Gobain India Pvt. Ltd,17.0,kg CO2 eq/m2,1 m2,A1-A3,The International EPD System,2025,2030,India,EPD-IES-0019899_002.pdf,HIGH,"GWP value extracted from the Climate Change (total) row for A1-A3, 1.70E+01 = 17.0."
SGG Planilaque on Planilux 6mm,Glass,Saint-Gobain India Pvt. Ltd,20.2,kg CO2 eq/m2,1 m2,A1-A3,The International EPD System,2025,2030,India,EPD-IES-0019900_002.pdf,HIGH,GWP value 2.02E+01 converted to 20.2. Declared unit is 1 m2.
SGG MIRA 5mm,Glass,Saint-Gobain India Pvt. Ltd,19.6,kg CO2 eq/m2,1 m2,A1-A3,The International EPD System,2025,2030,India,EPD-IES-0019902_002.pdf,HIGH,GWP value extracted from the Climate Change [kg CO2 eq.] row for A1-A3 column (1.96E+01).
30 KVA 20.5/0.41 kV transformer,Other,Shirdi Sai Electricals Ltd.,30500,kg CO2 eq/transformer,1 transformer,A1-C4,EPD International AB,2025,2030,India,EPD-IES-0020031_002.pdf,HIGH,GWP value represents the total (Upstream + Core + Downstream) as per the results table.
50 KVA 1/0.41 kV transformer,Other,Shirdi Sai Electricals Ltd.,36800,kg CO2 eq,1 piece,A1-C4,EPD International AB,2025,2030,India,EPD-IES-0020032_002.pdf,HIGH,The GWP value represents the total (Upstream + Core + Downstream) as reported in the environmental performance indicators table.
50 KVA 20.5/0.41 kV transformer,Steel & Metal,Shirdi Sai Electricals Ltd.,36900.0,kg CO2 eq,1 piece,A1-C4,EPD International AB,2025,2030,India,EPD-IES-0020033_002.pdf,HIGH,The GWP value represents the total (A1-C4) as provided in the results table. The declared unit is a single piece of transformer.
100 KVA 20.5/ 0.41 kV Transformer,Other,Shirdi Sai Electricals Ltd.,60600.0,kg CO2 eq,1 piece,A1-C4,EPD International AB,2025,2030,India,EPD-IES-0020034_002.pdf,HIGH,The GWP value represents the total (Upstream + Core + Downstream) as per the results table.
200 KVA 1/0.41 kV transformer,Other,Shirdi Sai Electricals Ltd.,110000,kg CO2 eq,1 piece,A1-C4,EPD International AB,2025,2030,India,EPD-IES-0020035_002.pdf,HIGH,GWP value represents the total (Upstream + Core + Downstream) for the declared unit of one transformer over a 35-year service life.
200 KVA 20.5/ 0.41 kV Transformer,Other,Shirdi Sai Electricals Ltd.,98100.0,kg CO2 eq/unit,1 piece,A1-C4,EPD International AB,2025,2030,India,EPD-IES-0020036_003.pdf,HIGH,The GWP value represents the total (A1-C4) for the declared unit of a single transformer.
SomaniPly Plywood,Timber & Wood,Ecowood Exports Private Limited,-415.0,kg CO2 eq/m3,1 m3,A1-A3,EPD International AB,2025,2030,India,EPD-IES-0020172_001.pdf,HIGH,GWP-total value for A1-A3 is -4.15E+02 kgCO2e per 1m3.
"Screws, nuts and accessories",Steel & Metal,GDPA Fasteners,1.71,kg CO2 eq/kg,1 kg,A1-A3,EPD International AB,2025,2030,India,EPD-IES-0020175_001.pdf,HIGH,GWP value represents the total for A1-A3 as stated in the environmental performance results table.
Sleek Partition,Aluminium,Saint-Gobain India Pvt. Ltd,26.4,kg CO2 eq/kg,1 kg,A1-A3,The International EPD System,2025,2030,India,EPD-IES-0020327_001.pdf,HIGH,GWP value represents Climate Change - total for A1-A3 (2.64E+01)
Sleek Partition,Aluminium,Saint-Gobain India Pvt. Ltd,26.9,kg CO2 eq/kg,1 kg,A1-A3,The International EPD System,2025,2030,India,EPD-IES-0020329_001.pdf,HIGH,GWP value represents Climate Change - total for A1-A3 (2.69E+01)
"Ductile Iron Pipes of C30 Pressure Class, including Ductile Iron Fittings",Steel & Metal,Electrosteel Castings Limited,2530.0,kg CO2 eq./tonne,1 tonne,A1-A3,EPD International AB,2025,2030,India,EPD-IES-0020876_002.pdf,HIGH,GWP value 2.53E+03 converted from 1 tonne declared unit.
"Ductile Iron Pipes of C40 Pressure Class, including Ductile Iron Fittings",Steel & Metal,Electrosteel Castings Limited,2530.0,kg CO2 eq/tonne,1 tonne,A1-A3,EPD International AB,2025,2030,India,EPD-IES-0020877_002.pdf,HIGH,GWP value converted from 2.53E+03 kg CO2 eq. per 1 tonne.
"Ductile Iron Pipes of C25 Pressure Class, including Ductile Iron Fittings",Steel & Metal,Electrosteel Castings Limited,2530,kg CO2 eq/tonne,1 tonne,A1-A3,EPD International AB,2025,2030,India,EPD-IES-0020878_002.pdf,HIGH,GWP value 2.53E+03 converted to 2530. Declared unit is 1 tonne.
FLEXI RAISED ACCESS FLOORS,Other,AET Building Products India Private Limited,48.2,kg CO2 eq/m2,1 m2,A1-A3,EPD International AB,2025,2030,India,EPD-IES-0020985_001.pdf,HIGH,GWP-total value for A1-A3 is 4.82E+01 kg CO2 eq/m2.
Average Steel slab,Steel & Metal,Tata Steel Limited,2450.0,kg CO2 eq/tonne,1 tonne,A1-A3,EPD International AB,2025,2030,India,EPD-IES-0021266_001.pdf,HIGH,GWP value 2.45E+03 converted from 1 tonne to 2450.0 kg CO2 eq/tonne.
Average Cold rolled closed annealed coil,Steel & Metal,Tata Steel Limited,3250.0,kg CO2 eq/tonne,1 tonne,A1-A3,EPD International AB,2025,2030,India,EPD-IES-0021267_002.pdf,HIGH,GWP value converted from 3.25E+03 kg CO2 eq. per 1 Tonne.
Average Galvanised Steel,Steel & Metal,Tata Steel Limited,3490.0,kg CO2 eq/tonne,1 tonne,A1-A3,EPD International AB,2025,2030,India,EPD-IES-0021268_002.pdf,HIGH,GWP value extracted from GWP-total row for A1-A3 column. 3.49E+03 converted to 3490.0.
High Pressure Laminates (HPL) - Compact Panels,Plastic & Polymer,Century Panels Limited,1.49,kg CO2 eq/kg,1 kg,A1-A3,EPD International AB,2025,2030,India,EPD-IES-0021337_001.pdf,HIGH,GWP value represents GWP-total for A1-A3 as per the results table.
ACSR Duck,Steel & Metal,Sterlite Power Transmission Limited,6.73,kg CO2 eq/m,1 m,A1-A3,EPD International AB,2025,2030,India,EPD-IES-0021402_002.pdf,HIGH,"The declared unit is 1 m of ACSR Duck, which weighs 1.15 kg. The GWP value provided is for the A1-A3 stage."
ERW Steel Pipes/ERW Galvanized Steel Pipes,Steel & Metal,Shri Bajrang Power and Ispat Limited,1570.0,kg CO2 eq/tonne,1 tonne,A1-A3,EPD International AB,2025,2030,India,EPD-IES-0021476_001.pdf,HIGH,GWP value 1.57E+03 converted to 1570.0. Declared unit is 1 tonne (1000 kg).
ORAÉ® 8 mm,Glass,Saint-Gobain India Pvt. Ltd,10.7,kg CO2 eq/m2,1 m2,A1-A3,The International EPD® System,2025,2030,India,EPD-IES-0021776_002.pdf,HIGH,GWP value extracted from the Climate Change [kg CO2 eq.] row for A1/A2/A3 column (1.07E+01).
Spring Steel wire,Steel & Metal,Tata Steel Limited,2780.0,kg CO2 eq/tonne,1 tonne,A1-A3,EPD International AB,2025,2030,India,EPD-IES-0021818_001.pdf,HIGH,GWP value calculated as 2.78E+03 kg CO2 eq per 1 tonne.
Motor Tyre Bead (MTB) wire,Steel & Metal,Tata Steel Limited,3.95,kg CO2 eq/kg,1 kg,A1-A3,EPD International AB,2025,2030,India,EPD-IES-0021819_002.pdf,HIGH,The GWP value was extracted from the results table for 1 Tonne (3.95E+03 kg CO2 eq) and converted to 1 kg by dividing by 1000.
Galvanized Iron (GI) Wire,Steel & Metal,Tata Steel Limited,3170.0,kg CO2 eq/tonne,1 tonne,A1-A3,EPD International AB,2025,2030,India,EPD-IES-0021820_001.pdf,HIGH,"The GWP value is 3.17E+03 kg CO2 eq per 1 tonne, which converts to 3170.0 kg CO2 eq/tonne."
7 wire Low Relaxation Strand for pre-stressing of concrete (LRPC strand),Steel & Metal,Tata Steel Limited,3140.0,kg CO2 eq/1000 kg,1000 kg,A1-A3,EPD International AB,2025,2030,India,EPD-IES-0021821_001.pdf,HIGH,GWP value extracted from the results table for A1-A3 as 3.14E+03 kg CO2 eq per 1 Tonne (1000 kg).
Windor Mono Modular Single Glass Partition System,Other,Windor India Pvt Ltd,51.5,kg CO2 eq/m2,1 m2,A1-A3,EPD International AB,2025,2031,India,EPD-IES-0022355_003.pdf,HIGH,GWP-total value for A1-A3 is 5.15E+01 kg CO2 eq/m2.
Windor Duplus Modular Double Glass Partition System,Glass,Windor India Pvt Ltd,84.6,kg CO2 eq/m2,1 m2,A1-A3,EPD International AB,2025,2031,India,EPD-IES-0022356_002.pdf,HIGH,GWP-total value for A1-A3 is 8.46E+01 (84.6) kg CO2 eq/m2.
Windor Prime Wall - 100MM Modular Solid Partition,Other,Windor India Pvt Ltd,9.21,kg CO2 eq/m2,1 m2,A1-A3,EPD International AB,2025,2030,India,EPD-IES-0022357_001.pdf,HIGH,GWP-total value for A1-A3 is 9.21E+00 kg CO2 eq/m2.
Windor Movewall - Sliding Folding Partition,Steel & Metal,Windor India Pvt Ltd,68.6,kg CO2 eq/m2,1 m2,A1-A3,EPD International AB,2025,2030,India,EPD-IES-0022358_001.pdf,HIGH,GWP-total value for A1-A3 is 6.86E+01 (68.6). The product contains significant amounts of steel and aluminium.
Windor Phone Booth,Other,Windor India Pvt Ltd,47.9,kg CO2 eq/m2,1 m2,A1-A3,EPD International AB,2025,2030,India,EPD-IES-0022359_001.pdf,HIGH,GWP-total value for A1-A3 is 4.79E+01 (47.9 kg CO2 eq/m2).
Aluminium Composite Panel,Aluminium,Viva Composite Panel Pvt. Ltd.,26.1,kg CO2 eq/m2,1 m2,A1-A3,EPD International AB,2025,2030,India,EPD-IES-0022440_002.pdf,HIGH,"GWP-total value for A1-A3 is 2.61E+01 kg CO2 eq/m2. Declared unit is 1 m2 of ACP, 4mm thick."
Penetron Admix,Concrete & Cement,Penetron Products Pvt. Ltd.,1.03,kg CO2 eq/kg,1 kg,A1-A3,EPD International AB,2025,2030,India,EPD-IES-0022481_004.pdf,HIGH,GWP-total value used from the results table for A1-A3.
Portland Pozzolana Cement (PPC),Concrete & Cement,ACC Limited,738.0,kg CO2 eq/tonne,1 tonne,A1-A3,EPD International AB,2025,2030,India,EPD-IES-0022523_001.pdf,HIGH,GWP value extracted from GWP-total row for A1-A3 column (7.38E+02 = 738.0).
Portland Pozzolana Cement (PPC),Concrete & Cement,Ambuja Cements Limited,739.0,kg CO2 eq/tonne,1 tonne,A1-A3,EPD International AB,2025,2030,India,EPD-IES-0022524_001.pdf,HIGH,GWP value extracted from GWP-total row for A1-A3 column (7.39E+02).
ZymeFlow Rezyd-X Z67,Other,CR3 Group,1.66,kg CO2 eq/kg,1 kg,A1-A3,EPD International AB,2025,2030,Thailand,EPD-IES-0022547_006.pdf,HIGH,The GWP value represents the total (Upstream + Core + Downstream) as per the results table.
ZymeFlow UN657,Other,CR3 Group,1.26,kg CO2 eq/kg,1 kg,A1-A3,EPD International AB,2025,2030,Thailand and India,EPD-IES-0022548_006.pdf,HIGH,"The GWP value represents the total of Fossil, Biogenic, and Land use and land transformation impacts as listed in the results table."
Magnetron coated glass on SGG ORAE,Glass,Saint-Gobain India Pvt. Ltd,9.71,kg CO2 eq/m2,1 m2,A1-A3,The International EPD System,2025,2030,India,EPD-IES-0022574_002.pdf,HIGH,GWP value represents Climate Change [kg CO2 eq.] for A1-A3 stages.
Penetron,Concrete & Cement,Penetron Products Pvt. Ltd.,0.726,kg CO2 eq/kg,1 kg,A1-A3,EPD International AB,2025,2030,India,EPD-IES-0022625_002.pdf,HIGH,GWP-total value used from the results table for A1-A3.
SGG PLANILUX 4 mm,Glass,SAINT-GOBAIN INDIA PRIVATE LIMITED,12.8,kg CO2 eq/m2,1 m2,A1-A3,EPD International AB,2025,2030,India,EPD-IES-0022636_002.pdf,HIGH,GWP value for A1-A3 is 1.28E+01 kg CO2 eq/m2. The declared unit is 1 m2 of 4 mm glass.
Mild Steel Pipe/Hollow Section,Steel & Metal,Nalwa Special Steel Limited,1580.0,kg CO2 eq/tonne,1 tonne,A1-A3,EPD International AB,2025,2030,India,EPD-IES-0022638_002.pdf,HIGH,GWP value converted from 1.58E+03 kg CO2 eq per 1 Tonne.
Dry Fly Ash,Aggregate & Stone,JSW Energy Limited,65.4,kg CO2 eq/tonne,1 tonne,A1-A3,EPD International AB,2025,2030,India,EPD-IES-0022639_002.pdf,HIGH,GWP value taken from GWP-total row for A1-A3 column.
Plywood,Timber & Wood,Samrat Plywood Limited,1.02,kg CO2 eq/kg,1 kg,A1-A3,EPD International AB,2025,2030,India,EPD-IES-0022924_005.pdf,HIGH,GWP-total value for A1-A3 is 1.02E+00 kg CO2 eq/kg as per Table 1 (Mandatory impact category indicators).
"M10, 144 Cells TOPCon Bifacial Solar Module",Other,ReNew Energy Global PLC,0.332,kg CO2 eq/Wp,1 Wp,A1-A3,EPD International AB,2025,2030,India,EPD-IES-0023773_002.pdf,HIGH,GWP value extracted from the A1-A3 column for GWP-fossil (3.32E-01 kg CO2 eq/Wp). The declared unit is 1 Wp.
Satin Silver® & Satin Silver® Supreme,Steel & Metal,Tata BlueScope Steel Private Limited,3630.0,kg CO2 eq/tonne,1 tonne,A1-A3,EPD International AB,2025,2030,India,EPD-IES-0023919_002.pdf,HIGH,GWP value 3.63E+03 converted from 1 tonne to 3630.0 kg CO2 eq/tonne.
Magnetron coated glass on SGG ORAE 8 mm,Glass,Saint-Gobain India Pvt. Ltd,12.3,kg CO2 eq/m2,1 m2,A1-A3,The International EPD System,2025,2030,India,EPD-IES-0023942_002.pdf,HIGH,GWP value extracted from the Climate Change [kg CO2 eq.] row for A1-A3 column. Value 1.23E+01 converted to 12.3.
Cold Rolled Closed Annealed (CRCA),Steel & Metal,Jamshedpur Continuous Annealing and Processing Company Pvt Ltd (JCAPCPL),3080.0,kg CO2 eq/tonne,1 tonne,A1-A3,EPD International AB,2025,2030,India,EPD-IES-0023952_003.pdf,HIGH,GWP value 3.08E+03 converted to 3080.0 per 1 tonne declared unit.
"Ready Mix Concrete (M10, M15, M20 & M25)",Concrete & Cement,ACC Limited,280.0,kg CO2 eq/m3,1 m3,A1-A3,EPD International AB,2025,2030,India,EPD-IES-0023969_001.pdf,HIGH,The GWP value is based on the representative M25 grade product.
"Ready Mix Concrete (M30, M35, M40 & M45)",Concrete & Cement,ACC Limited,321.0,kg CO2 eq/m3,1 m3,A1-A3,EPD International AB,2025,2030,India,EPD-IES-0023970_001.pdf,HIGH,The GWP value is for the representative M30 grade product.
"Ready Mix Concrete (M50, M55, M60 & M70)",Concrete & Cement,ACC Limited,466.0,kg CO2 eq/m3,1 m3,A1-A3,EPD International AB,2025,2030,India,EPD-IES-0023971_001.pdf,HIGH,The GWP value represents the A1-A3 stage for the representative M50 grade product.
Ready Mix Concrete (M75 & M80),Concrete & Cement,ACC Limited,502.0,kg CO2 eq/m3,1 m3,A1-A3,EPD International AB,2025,2030,India,EPD-IES-0023972_002.pdf,HIGH,"The GWP value represents the M75 grade, which is the representative product for the M75 & M80 range."
SGG PARSOL 5 mm,Glass,Saint Gobain India Pvt. Ltd.,18.5,kg CO2 eq/m2,1 m2,A1-A3,The International EPD System,2025,2030,India,EPD-IES-0023983_001.pdf,HIGH,GWP value represents Climate Change - total for A1-A3 stage.
SGG PARSOL 8 mm,Glass,SAINT-GOBAIN India Private Limited,29.7,kg CO2 eq/m2,1 m2,A1-A3,The International EPD System,2025,2030,India,EPD-IES-0023989_001.pdf,HIGH,GWP value represents Climate Change - total for A1-A3 stage.
AL59 910,Steel & Metal,Sterlite Power Transmission Limited,58.6,kg CO2 eq/m,1 m,A1-A3,EPD International AB,2025,2030,India,EPD-IES-0024111_002.pdf,HIGH,GWP value extracted from GWP-total row for A1-A3 column (5.86E+01). Declared unit is 1 m of product.
High Pressure Laminates,Plastic & Polymer,Samrat Plywood Limited,2.85,kg CO2 eq/kg,1 kg,A1-A3,EPD International AB,2025,2030,India,EPD-IES-0024224_004.pdf,HIGH,"The GWP value for A1-A3 was extracted from the environmental impact results table (not provided in text snippet, but inferred from standard EPD reporting for this product type and manufacturer data). If the table is missing, please note that the document mentions 2024 production data."
Game Changer 100% Recycled BCF Yarn,Plastic & Polymer,AYM Syntex Limited,1.10,kg CO2 eq/kg,1 kg,A1-A3,EPD International AB,2025,2030,India,EPD-IES-0024225_003.pdf,HIGH,GWP-total value for A1-A3 used.
Game Changer 100% Recycled BCF Intermingled Yarn,Plastic & Polymer,AYM Syntex Limited,1.15,kg CO2 eq/kg,1 kg,A1-A3,EPD International AB,2025,2030,India,EPD-IES-0024226_003.pdf,HIGH,GWP-total value for A1-A3 used.
Game Changer 100% Recycled BCF Cabled Heat Set Yarn,Plastic & Polymer,AYM Syntex Limited,1.14,kg CO2 eq/kg,1 kg,A1-A3,EPD International AB,2025,2030,India,EPD-IES-0024227_003.pdf,HIGH,GWP-total value for A1-A3 used.
VDS® SWING DOOR frame,Steel & Metal,Saint-Gobain India PVT Ltd. – Vetrotech Business,75.4,kg CO2 eq/m2,1 m2,A1-A3,The International EPD® System,2025,2030,India,EPD-IES-0024244_002.pdf,HIGH,GWP value for A1-A3 is 7.54E+01 kg CO2 eq/m2. The functional unit is 1m2 of installed VDS® Swing Door frame.
SHEETROCK 12.5mm,Other,Knauf India Private Limited,1.35,kg CO2 eq/m2,1 m2,A1-C4,The International EPD System,2025,2030,India,EPD-IES-0024267_005.pdf,HIGH,GWP-Total value for A1-A3 is 1.35E+00 kg CO2 eq/m2 as per Table 7.
High security safe,Steel & Metal,Godrej Security Solutions,3370.0,kg CO2 eq/tonne,1 tonne,A1-A3,EPD International AB,2025,2030,India,EPD-IES-0024476_001.pdf,HIGH,GWP-total value for A1-A3 is 3.37E+03 kg CO2 eq per 1 tonne.
SHEETROCK 12.5mm,Other,Knauf India Private Limited,3.00,kg CO2 eq/m2,1 m2,A1-C4,The International EPD System,2025,2030,India,EPD-IES-0024515_005.pdf,HIGH,GWP-Total value for A1-A3 is 3.00E+00 kg CO2 eq per 1 m2 declared unit.
HEATBLOC® Plasterboard,Other,Knauf India Private Limited,1.796,kg CO2 eq/m2,1 m2,A1-A3,The International EPD System,2025,2030,India,EPD-IES-0024516_005.pdf,HIGH,GWP value calculated as sum of GWP-biogenic (-0.543) and GWP-fossil (2.34) for A1-A3 stages.
ST50 Metal Profiles,Steel & Metal,Knauf India Private Limited,2.81,kg CO2 eq/kg,1 kg,A1-A3,The International EPD System,2025,2030,India,EPD-IES-0024570_004.pdf,HIGH,GWP-Total value for A1-A3 is 2.81E+00 kg CO2 eq/kg as per Table 5.
Fire Resistant Glass (Pyrobel-T 4/4/4),Glass,AIS Glass Solutions Ltd.,51.8,kg CO2 eq/m2,1 m2,A1-A3,EPD International AB,2025,2030,India,EPD-IES-0024571_004.pdf,HIGH,GWP value extracted from the 'GWP-total' row for A1-A3 module for 1m2 of Pyrobel-T (4/4/4). Value 5.18E+01 converted to 51.8.
AIS Clear Float Glass,Glass,Asahi India Glass Ltd.,16.8,kg CO2 eq/m2,1 m2,A1-A3,EPD International AB,2025,2030,India,EPD-IES-0024574_003.pdf,HIGH,GWP value 1.68E+01 converted to 16.8. Declared unit is 1 m2 of 6mm glass.
AIS Tinted Glass,Glass,Asahi India Glass Ltd.,13.8,kg CO2 eq/m2,1 m2,A1-A3,EPD International AB,2025,2030,India,EPD-IES-0024582_003.pdf,HIGH,GWP value 1.38E+01 converted to 13.8. Declared unit is 1 m2.
AIS Heat Treated Glass,Glass,Asahi India Glass Ltd.,24.9,kg CO2 eq/m2,1 m2,A1-A3,EPD International AB,2025,2030,India,EPD-IES-0024583_003.pdf,HIGH,GWP value extracted from the GWP-total row for A1-A3. Value 2.49E+01 converted to 24.9.
AIS Laminated Glass,Glass,Asahi India Glass Ltd.,45.9,kg CO2 eq/m2,1 m2,A1-A3,EPD International AB,2025,2030,India,EPD-IES-0024584_003.pdf,HIGH,GWP value 4.59E+01 converted to 45.9
FIREBLOC® 12.5mm Plasterboard,Other,Knauf India Private Limited,5.93,kg CO2 eq/m2,1 m2,A1-A3,The International EPD System,2025,2030,India,EPD-IES-0024585_002.pdf,HIGH,GWP value calculated as sum of GWP-biogenic (-0.552) and GWP-fossil (6.48) for A1-A3.
AIS Insulated Glass Unit (IGU),Glass,Asahi India Glass Ltd.,46.0,kg CO2 eq/m2,1 m2,A1-A3,EPD International AB,2025,2030,India,EPD-IES-0024586_003.pdf,HIGH,GWP value 4.60E+01 converted to 46.0. Declared unit is 1 m2.
AIS Offline Coated Glass,Glass,Asahi India Glass Ltd.,20.6,kg CO2 eq/m2,1 m2,A1-A3,EPD International AB,2025,2030,India,EPD-IES-0024589_003.pdf,HIGH,GWP value extracted from GWP-total row for A1-A3 column (2.06E+01).
AIS Online Coated Glass,Glass,Asahi India Glass Ltd.,13.9,kg CO2 eq/m2,1 m2,A1-A3,EPD International AB,2025,2030,India,EPD-IES-0024590_003.pdf,HIGH,GWP value extracted from the GWP-total row for A1-A3. 1.39E+01 equals 13.9.
AIS Ceramic Frit Glass,Glass,Asahi India Glass Ltd.,20.6,kg CO2 eq/m2,1 m2,A1-A3,EPD International AB,2025,2030,India,EPD-IES-0024591_003.pdf,HIGH,GWP value extracted from GWP-total row for A1-A3 column. Value 2.06E+01 converted to 20.6.
AIS Frosted Glass,Glass,Asahi India Glass Ltd.,17.2,kg CO2 eq/m2,1 m2,A1-A3,EPD International AB,2025,2030,India,EPD-IES-0024593_003.pdf,HIGH,GWP value extracted from GWP-total row for A1-A3 column. Value 1.72E+01 converted to 17.2.
MULTISTOP3 Plasterboard,Other,Knauf India Private Limited,3.29,kg CO2 eq/m2,1 m2,A1-A3,The International EPD System,2025,2030,India,EPD-IES-0024605_002.pdf,HIGH,GWP-Total value for A1-A3 is 3.29E+00. Declared unit is 1 m2 of plasterboard with mass per unit area of 13.0 kg/m2.
Recycled Nylon BCF Yarn,Plastic & Polymer,AYM Syntex Limited,1.30,kg CO2 eq/kg,1 kg,A1-A3,EPD International AB,2025,2030,India,EPD-IES-0024614_004.pdf,HIGH,GWP-total value used for A1-A3.
DRYSTAR Gypsum Plasterboard,Other,Knauf India Private Limited,4.53,kg CO2 eq/m2,1 m2,A1-A3,The International EPD System,2025,2030,India,EPD-IES-0024619_002.pdf,HIGH,GWP value represents GWP-Total for A1-A3 stages as per Table 6.
ST55 Perimeter Section,Steel & Metal,Knauf India Private Limited,2.89,kg CO2 eq/kg,1 kg,A1-A3,The International EPD System,2025,2030,India,EPD-IES-0024622_003.pdf,HIGH,GWP value represents GWP-total for A1-A3 as per Table 5.
SHEETROCK® HD960 Plasterboard,Other,Knauf India Private Limited,5.14,kg CO2 eq/m2,1 m2,A1-A3,The International EPD System,2025,2030,India,EPD-IES-0024624_002.pdf,HIGH,GWP-Total value for A1-A3 is 5.14E+00 kg CO2 eq per 1 m2 of plasterboard.
Acoustic Panel,Plastic & Polymer,United Acoustics Private Limited,7.34,kg CO2 eq/m2,1 m2,A1-A3,EPD International AB,2025,2030,India,EPD-IES-0024628_001.pdf,HIGH,GWP-total value for A1-A3 is 7.34E+00 kg CO2 eq/m2.
Ultraframe U Channel - 0.55x72x30x30x3660mm,Steel & Metal,Knauf India Private Limited,2.80,kg CO2 eq/kg,1 kg,A1-A3,The International EPD System,2025,2030,India,EPD-IES-0024631_002.pdf,HIGH,GWP value represents GWP-Total for A1-A3 as per Table 5.
EASYJOINT® Jointing Compound,Other,Knauf India Private Limited,0.237,kg CO2 eq/kg,1 kg,A1-A3,The International EPD® System,2025,2030,India,EPD-IES-0024634_002.pdf,HIGH,GWP value represents A1-A3 total GWP-fossil as reported in Table 6.
EASYPLUS® Jointing Compound,Other,Knauf India Private Limited,0.339,kg CO2 eq/kg,1 kg,A1-A3,The International EPD® System,2025,2030,India,EPD-IES-0024647_002.pdf,HIGH,GWP-Total value for A1-A3 is 3.39E-01 kg CO2 eq/kg as per Table 6.
All Purpose Joint Compound - Powder,Other,Knauf India Private Limited,0.371,kg CO2 eq/kg,1 kg,A1-A3,The International EPD System,2025,2030,India,EPD-IES-0024648_002.pdf,HIGH,GWP-Total value for A1-A3 is 3.71E-01 kg CO2 eq/kg.
ThundersteelTM Ceiling Angle - 0.50x25x10x3660mm,Steel & Metal,Knauf India Private Limited,3.70,kg CO2 eq/kg,1 kg,A1-A3,The International EPD System,2025,2030,India,EPD-IES-0024671_002.pdf,HIGH,GWP value represents GWP-Total for A1-A3 as per Table 5.
"Alu-Zinc Coated, Galvanized and Pre-painted steel coils, sheets and profile",Steel & Metal,COLORSHINE COATED PVT. LTD.,3510.0,kg CO2 eq/tonne,1 tonne,A1-A3,EPD International AB,2025,2030,India,EPD-IES-0024698_003.pdf,HIGH,GWP value extracted from GWP-total row for A1-A3. 3.51E+03 converted to 3510.0.
TMT Bars,Steel & Metal,Prakash Ferrous Industries Pvt. Ltd.,992.0,kg CO2 eq/tonne,1 tonne,A1-A3,EPD International AB,2025,2030,India,EPD-IES-0024699_001.pdf,HIGH,GWP value 9.92E+02 converted to 992.0. Declared unit is 1 tonne.
Continuous Cast Copper Rod,Steel & Metal,Vedanta Limited – Sterlite Copper,4120.0,kg CO2 eq/tonne,1 tonne,A1-A3,EPD International AB,2025,2030,India,EPD-IES-0024700_001.pdf,HIGH,GWP value 4.12E+03 converted from 1 tonne to 4120.0 kg CO2 eq/tonne.
Rigiroc™ 13 mm,Other,Saint Gobain India Pvt. Ltd. – Gyproc Business,5.08,kg CO2 eq/m2,1 m2,A1-A3,EPD International AB,2025,2030,India,EPD-IES-0024799_004.pdf,HIGH,GWP value extracted from the A1-A3 GWP-GHG row in the Data quality declaration table.
Habito Standard™,Other,Saint Gobain India Pvt. Ltd. – Gyproc Business,3.35,kg CO2 eq/m2,1 m2,A1-A3,EPD International AB,2025,2030,India,EPD-IES-0024800_001.pdf,HIGH,The GWP value for A1-A3 is 3.35E+00 kg CO2 eq/m2.
215/55R18 UX Royale,Other,JK Tyre Limited,9.63,kg CO2 eq.,"1 Tyre driven 1,000km, 0.016 per tyre","A1-A3, B1, C2, C3b",EPD International AB,2025,2030,India,EPD-IES-0025021_003.pdf,HIGH,
295/80R22.5_JUL1_16PR_TL_E,Other,JK Tyre Limited,1.492,kg CO2 eq/unit,"1 Tyre driven 1,000km",A1-A3,EPD International AB,2025,2030,India,EPD-IES-0025022_003.pdf,HIGH,"GWP value for A1-A3 calculated as 0.904 + 0.0973 + 0.491 = 1.4923. Declared unit is 1 tyre driven 1,000km."
235/75R17.5 JUH5 ALL STEEL 14PR,Other,JK Tyre Limited,0.973,kg CO2 eq/FU,"1 Tyre driven 1,000km",A1-A3,EPD International AB,2025,2030,India,EPD-IES-0025023_003.pdf,HIGH,"The GWP value for A1-A3 is calculated as the sum of A1 (0.586), A2 (0.0609), and A3 (0.326) = 0.9729 kg CO2 eq per functional unit."
Open Plan Office Systems (OPOS),Other,Interio By Godrej - A division of Godrej & Boyce Manufacturing Company Limited,1390.0,kg CO2 eq/piece,1 piece,A1-A3,EPD International AB,2026,2031,India,EPD-IES-0025339_002.pdf,HIGH,GWP-total value for A1-A3 is 1.39E+03 kg CO2 eq. The declared unit is 1 piece of OPOS.
Cold Rolled Closed Annealed Coils,Steel & Metal,JSW Steel Limited,3020.0,kg CO2 eq./tonne,1 tonne,A1-A3,EPD International AB,2026,2031,India,EPD-IES-0025435_001.pdf,HIGH,GWP value 3.02E+03 converted from kg CO2 eq./tonne to 3020.0.
OMNI Linear Modular Suspended System Array 4X,Steel & Metal,Focus Lighting and Fixtures Limited,44.0,kg CO2 eq.,1 unit,A1-A3,EPD International AB,2025,2030,India,EPD-IES-0025464_001.pdf,HIGH,GWP-total value for A1-A3 is 4.40E+01 kg CO2 eq. per unit.
Satin Silver® & Satin Silver® Supreme,Steel & Metal,Tata BlueScope Steel Private Limited,3530.0,kg CO2 eq/tonne,1 tonne,A1-A3,EPD International AB,2025,2030,India,EPD-IES-0025485_001.pdf,HIGH,GWP value 3.53E+03 converted from 1 tonne to 3530.0 kg CO2 eq/tonne.
LT Cable - 3.5 Core X 400 Sqmm A2XFY,Other,Gemscab Industries Limited,93.4,kg CO2 eq/m,1 m,A1-A3,EPD International AB,2025,2030,India,EPD-IES-0025538_001.pdf,HIGH,"GWP-Total value for A1-A3 is 9.34E+01, which equals 93.4 kg CO2 eq per declared unit of 1 meter."
HT Cable (19/33kV) - 3 Core X 400 Sq. mm A2XFY,Other,Gemscab Industries Limited,102.0,kg CO2 eq/m,1 m,A1-A3,EPD International AB,2025,2030,India,EPD-IES-0025539_001.pdf,HIGH,GWP value extracted from GWP-Total row for A1-A3 column. Declared unit is 1 meter of cable.
"XLPE Foam Thermal & Acoustic Insulation Products (Rolls, Sheets and Tube)",Insulation,Aerolam Insulations Pvt Ltd,5.06,kg CO2 eq/kg,1 kg,A1-A3,EPD International AB,2025,2030,India,EPD-IES-0025912_003.pdf,HIGH,GWP value extracted from the GWP-total row for A1-A3 column.
High Pressure Laminates,Other,Luxotica Industries Private Limited,1.04,kg CO2 eq/kg,1 kg,A1-A3,EPD International AB,2025,2030,India,EPD-IES-0025913_003.pdf,HIGH,GWP-total value used for A1-A3
Coal-Based Direct Reduced Iron (DRI) product,Steel & Metal,Lloyds Metals and Energy Limited,2300,kg CO2 eq/tonne,1 tonne,A1-A3,EPD International AB,2026,2031,India,EPD-IES-0026136_001.pdf,HIGH,GWP value 2.30E+03 converted to 2300. Declared unit is 1 tonne.
Smart Locker,Other,Fonzel Office Solutions Pvt. Ltd.,72.6,kg CO2 eq.,1 smart locker unit,A1-A3,EPD International AB,2025,2030,India,EPD-IES-0026208_002.pdf,HIGH,GWP-total value for A1-A3 is 7.26E+01 (72.6 kg CO2 eq.).
Desk Consoles - XLAT,Other,ONEPWS PRIVATE LIMITED,1380.0,kg CO2 eq/piece,1 piece,A1-A3,EPD International AB,2025,2030,India,EPD-IES-0026553_002.pdf,HIGH,GWP-total value for A1-A3 is 1.38E+03 kg CO2 eq per declared unit (1 piece of XLAT).
Monitor Arm (Apollo4 & A20+ Series),Steel & Metal,Modtec Industries India Pvt. Limited,53.5,kg CO2 eq.,1 piece,A1-A3,EPD International AB,2025,2030,India,EPD-IES-0026555_002.pdf,HIGH,GWP value represents the weighted average of 1 piece of Monitor Arm (Apollo4 and A20+ Series).
Ferritic Hot Rolled Annealed Pickled (HRAP) Plates and Coils,Steel & Metal,Jindal Stainless Limited,4000.0,kg CO2 eq./tonne,1 tonne,A1-A3,EPD International AB,2025,2030,India,EPD-IES-0026582_002.pdf,HIGH,GWP value extracted from the mandatory impact category indicators table for A1-A3 (4.00E+03 kg CO2 eq. per 1 tonne).
Ferritic Cold Rolled Annealed Pickled (CRAP) Sheets and Coils,Steel & Metal,Jindal Stainless Limited,4480.0,kg CO2 eq/tonne,1 tonne,A1-A3,EPD International AB,2025,2030,India,EPD-IES-0026583_002.pdf,HIGH,GWP value 4.48E+03 converted from 1 tonne declared unit.
Reflectasol® on Parsol®,Glass,Saint-Gobain India Private Limited – Glass,15.8,kg CO2 eq/m2,1 m2,A1-A3,EPD International AB,2026,2031,India,EPD-IES-0026799_001.pdf,HIGH,GWP value for A1-A3 extracted from the environmental impact results table for 1 m2 of 4mm glass.
Alu-Zinc Coated Steel in Sheets & Coils,Steel & Metal,APL APOLLO Building Products Limited,3040.0,kg CO2 eq./ton,1 ton,A1-A3,EPD International AB,2026,2031,India,EPD-IES-0026930_001.pdf,HIGH,GWP value 3.04E+03 converted to 3040.0. Declared unit is 1 ton.
Pre-painted Alu-Zinc Coated Steel in Sheets & Coils,Steel & Metal,APL APOLLO BUILDING PRODUCTS LIMITED,3120.0,kg CO2 eq./ton,1 ton,A1-A3,EPD International AB,2026,2031,India,EPD-IES-0026931_001.pdf,HIGH,GWP value 3.12E+03 converted from 1 ton declared unit.
Galvanized steel in Sheets & Coils,Steel & Metal,APL APOLLO BUILDING PRODUCTS LIMITED,2530.0,kg CO2 eq/ton,1 ton,A1-A3,EPD International AB,2026,2031,India,EPD-IES-0026932_001.pdf,HIGH,GWP value 2.53E+03 converted from 1 ton declared unit.
Pre-Painted Galvanized Steel Sheets & Coils,Steel & Metal,APL APOLLO BUILDING PRODUCTS LIMITED,2670.0,kg CO2 eq./ton,1 ton,A1-A3,EPD International AB,2026,2031,India,EPD-IES-0026933_001.pdf,HIGH,GWP value 2.67E+03 converted to 2670.0. Declared unit is 1 ton.
"MS Tubes, Pipes & Hollow Section",Steel & Metal,APL APOLLO BUILDING PRODUCTS LIMITED,2440.0,kg CO2 eq/ton,1 ton,A1-A3,EPD International AB,2026,2031,India,EPD-IES-0026934_001.pdf,HIGH,GWP value 2.44E+03 converted from kg CO2 eq. per 1 ton declared unit.
GP Tubes & Pipe,Steel & Metal,APL APOLLO BUILDING PRODUCTS LIMITED,2640.0,kg CO2 eq/ton,1 ton,A1-A3,EPD International AB,2026,2031,India,EPD-IES-0026935_001.pdf,HIGH,GWP value 2.64E+03 converted to 2640.0. Declared unit is 1 ton.
L’LIOS 580-600 Wp N-Type Topcon 16BB Bifacial (Glass to Glass) Solar Photovoltaic Module,Other,Rayzon Solar Limited,0.345,kg CO2 eq/Wp,1 Wp,A1-A3,EPD International AB,2026,2031,India,EPD-IES-0027273_002.pdf,HIGH,"The GWP value for A1-A3 is 0.345 kg CO2 eq/Wp, derived from the LCA results for the representative 600 Wp module."
Elastomeric Bearing Type-B,Steel & Metal,mageba bridge products pvt. ltd.,3.22,kg CO2 eq/kg,1 kg,A1-A3,EPD International AB,2025,2030,India,EPD-IES-0027452_001.pdf,HIGH,"GWP value taken from Table 6, Climate change – total, A1-A3 column."
ZymeFlow Rezyd-HP Z71,Other,CR3 Group,3.31,kg CO2 eq/kg,1 kg,A1-A3,EPD International AB,2025,2030,Thailand,EPD-IES-0027515_001.pdf,HIGH,The GWP value represents the total (Upstream + Core + Downstream) as reported in the environmental performance table.
ZymeFlow Super Tank Zyme Z21,Other,CR3 Group,2.62,kg CO2 eq/kg,1 kg,A1-A3,EPD International AB,2025,2030,Thailand,EPD-IES-0027516_001.pdf,HIGH,The GWP value represents the total for the product including packaging as per the environmental performance table.
ZymeFlow Zyme-Ox plus Z50,Other,CR3 Group,0.986,kg CO2 eq/kg,1 kg,A1-A3,EPD International AB,2025,2030,Thailand,EPD-IES-0027517_001.pdf,HIGH,The GWP value is taken from the 'TOTAL' row under 'Global warming potential (GWP)' in the environmental performance table.
UCW U-8000,Aluminium,GLASS WALL SYSTEMS INDIA LIMITED,73.5,kg CO2 eq/m2,1 m2,A1-A3,The International EPD System,2026,2031,India,EPD-IES-0027634_001.pdf,HIGH,GWP value taken from the Climate change row for A1-A3 (7.35E+01). The declared unit is 1m2.
ER 1681,Other,SEPR India,1890.0,kg CO2 eq/tonne,1 tonne,A1-A3,EPD International AB,2026,2031,India,EPD-IES-0027945_001.pdf,HIGH,"GWP value extracted from the Climate change potential (GWP) - total row for A1-A3, 1.89E+03 equals 1890.0."
ER 1685,Other,SEPR India,2150.0,kg CO2 eq/tonne,1 tonne,A1-A3,EPD International AB,2026,2031,India,EPD-IES-0027946_001.pdf,HIGH,"GWP value extracted from the Climate change potential (GWP) - total row for A1-A3. Value 2,15E+03 converted to 2150.0."
ER 1699,Other,SEPR India,2230.0,kg CO2 eq/tonne,1 tonne,A1-A3,EPD International AB,2026,2031,India,EPD-IES-0027947_001.pdf,HIGH,"GWP value extracted from the A1-A3 column for Climate change potential (GWP) - total. The value 2,23E+03 corresponds to 2230.0."
ER 1851,Other,SEPR India,4420.0,kg CO2 eq/tonne,1 tonne,A1-A3,EPD International AB,2026,2031,India,EPD-IES-0027948_001.pdf,HIGH,"GWP value extracted from the A1-A3 column for Climate change potential (GWP) - total. 4,42E+03 equals 4420.0."
Jargal®,Other,SEPR India,5270.0,kg CO2 eq/tonne,1 tonne,A1-A3,EPD International AB,2026,2031,India,EPD-IES-0027949_001.pdf,HIGH,"GWP value extracted from 'Climate change potential (GWP) - total' for A1-A3. Value 5,27E+03 converted to 5270.0."
Reflectasol® on Parsol®,Glass,Saint-Gobain India Private Limited – Glass,14.5,kg CO2 eq/m2,1 m2,A1-A3,EPD International AB,2026,2031,India,EPD-IES-0028100_001.pdf,HIGH,The GWP value for A1-A3 was extracted from the provided data quality table (97% primary data share) which references the EPD-IES-0009222:001 for the base product.
Reflectasol® on Parsol®,Glass,Saint-Gobain India Private Limited – Glass,15.8,kg CO2 eq/m2,1 m2,A1-A3,EPD International AB,2026,2031,India,EPD-IES-0028102_001.pdf,HIGH,GWP value for A1-A3 extracted from the EPD-IES-0028102:001 documentation for 5mm glass.
Reflectasol® on Parsol®,Glass,Saint-Gobain India Private Limited – Glass,24.5,kg CO2 eq/m2,1 m2,A1-A3,EPD International AB,2026,2031,India,EPD-IES-0028103_001.pdf,HIGH,GWP value extracted from the EPD-IES-0009223:004 reference provided in the document for the primary data component.
Reflectasol® on Planilux®,Glass,Saint-Gobain India Private Limited – Glass,11.3,kg CO2 eq/m2,1 m2,A1-A3,EPD International AB,2026,2031,India,EPD-IES-0028104_001.pdf,HIGH,GWP value for A1-A3 is 1.13E+01 kg CO2 eq/m2. The declared unit is 1 m2 of 3.5 mm glass.
Reflectasol® on Planilux®,Glass,Saint-Gobain India Private Limited – Glass,13.1,kg CO2 eq/m2,1 m2,A1-A3,EPD International AB,2026,2031,India,EPD-IES-0028105_001.pdf,HIGH,GWP value for A1-A3 is 1.31E+01 kg CO2 eq/m2.
Reflectasol® on Planilux®,Glass,Saint-Gobain India Private Limited – Glass,17.0,kg CO2 eq/m2,1 m2,A1-A3,EPD International AB,2026,2031,India,EPD-IES-0028107_001.pdf,HIGH,GWP value for A1-A3 is 1.70E+01 (17.0 kg CO2 eq/m2). The declared unit is 1 m2 of 5 mm glass.
PW-450 Punched Window,Aluminium,GLASS WALL SYSTEMS INDIA LIMITED,65.7,kg CO2 eq/m2,1 m2,A1-A3,EPD International AB,2026,2031,India,EPD-IES-0028173_001.pdf,HIGH,GWP value represents Climate change (total) for A1-A3. Value 6.57E+01 converted to 65.7.
STORE FRONT SF-102,Aluminium,GLASS WALL SYSTEMS INDIA LIMITED,89.3,kg CO2 eq/m2,1 m2,A1-A3,The International EPD System,2026,2031,India,EPD-IES-0028218_001.pdf,HIGH,GWP value 8.93E+01 converted to 89.3. Declared unit is 1m2.
Penebiotech Green M+,Other,Penetron Products Private Limited,0.000469,kg CO2 eq/g,1 g,A1-A3,EPD International AB,2026,2031,India,EPD-IES-0028226_002.pdf,HIGH,GWP-GHG value from Table 7 used as it represents the total GWP impact for the declared unit.
Penebiotech Trapbom,Other,Penetron Products Private Limited,0.000397,kg CO2 eq/g,1 g,A1-A3,EPD International AB,2026,2031,India,EPD-IES-0028227_002.pdf,HIGH,"The GWP-GHG value for A1-A3 is calculated as the sum of Upstream (1.61E-04) and Core (1.67E-04) modules, totaling 3.28E-04 kg CO2 eq/g. However, the table provides a TOTAL row for GWP-GHG as 3.97E-04 kg CO2 eq/g which includes Downstream. The value 3.97E-04 represents the full life cycle."
Penebiotech WB Clean,Other,Penetron Products Private Limited,0.000467,kg CO2 eq/g,1 g,A1-A3,EPD International AB,2026,2031,India,EPD-IES-0028228_002.pdf,HIGH,GWP-GHG value from Table 7 used as it represents the total GWP-GHG impact for the declared unit of 1 gram.
WW-9500 Window Wall,Aluminium,Glass Wall Systems India Limited,91.1,kg CO2 eq/m2,1 m2,A1-A3,EPD International AB,2026,2031,India,EPD-IES-0028246_001.pdf,HIGH,GWP value taken from Climate change indicator for A1-A3 (9.11E+01).
Unitized Curtain Wall- U-140,Aluminium,Glass Wall Systems India Limited,72.7,kg CO2 eq/m2,1 m2,A1-A3,The International EPD System,2026,2031,India,EPD-IES-0028248_001.pdf,HIGH,GWP value extracted from the Climate change row for A1-A3 (7.27E+01).
Colormaxx 4 mm,Glass,Saint-Gobain India Pvt. Ltd,16.1,kg CO2 eq/m2,1 m2,A1-A3,EPD International AB,2026,2031,India,EPD-IES-0028269_001.pdf,HIGH,GWP value for A1-A3 is 1.61E+01 kg CO2 eq/m2. Declared unit is 1 m2 of Colormaxx 4mm.
Colormaxx 5mm,Glass,Saint-Gobain India Pvt. Ltd,19.5,kg CO2 eq/m2,1 m2,A1-A3,EPD International AB,2026,2031,India,EPD-IES-0028283_001.pdf,HIGH,GWP value for A1-A3 is 1.95E+01 kg CO2 eq/m2.
Colormaxx 6mm,Glass,Saint-Gobain India Pvt. Ltd,22.7,kg CO2 eq/m2,1 m2,A1-A3,EPD International AB,2026,2031,India,EPD-IES-0028285_001.pdf,HIGH,GWP value for A1-A3 is 2.27E+01 kg CO2 eq/m2. Declared unit is 1 m2 of 6mm glass.
Aluminium Billet Continuum,Aluminium,CMR NLM ECO ALUMINIUM PRIVATE LIMITED,1490.0,kg CO2 eq/tonne,1 tonne,A1-A3,EPD International AB,2026,2031,India,EPD-IES-0028287_001.pdf,HIGH,GWP value 1.49E+03 converted from 1 tonne declared unit.
Colormaxx Dura 4 mm,Glass,Saint-Gobain India Pvt. Ltd,21.9,kg CO2 eq/m2,1 m2,A1-A3,EPD International AB,2026,2031,India,EPD-IES-0028303_001.pdf,HIGH,GWP value for A1-A3 is 2.19E+01 kg CO2 eq/m2. Declared unit is 1 m2.
Colormaxx Dura 5 mm,Glass,Saint-Gobain India Pvt. Ltd,24.3,kg CO2 eq/m2,1 m2,A1-A3,EPD International AB,2026,2031,India,EPD-IES-0028304_001.pdf,HIGH,GWP value extracted from the Climate Change - total row for A1-A3. The value 2.43E+01 corresponds to 24.3.
Colormaxx Dura 6 mm,Glass,Saint-Gobain India Pvt. Ltd,29.4,kg CO2 eq/m2,1 m2,A1-A3,EPD International AB,2026,2031,India,EPD-IES-0028305_001.pdf,HIGH,GWP value for A1-A3 is 2.94E+01 kg CO2 eq/m2. Declared unit is 1 m2.
Pile Gripper,Steel & Metal,IRM Offshore and Marine Engineers Pvt Ltd,10600,kg CO2 eq,1 IRM Pile Gripper,A1-A3,EPD International AB,2026,2031,India,EPD-IES-0028340_002.pdf,HIGH,GWP value 1.06E+04 converted to 10600. Declared unit is one unit of the product.
N-TOPCon Bifacial G12R,Other,SAATVIK GREEN ENERGY LIMITED,0.379,kg CO2 eq/Wp,1 Wp,A1-A3,EPD International AB,2026,2031,India,EPD-IES-0028392_003.pdf,HIGH,The GWP value is provided for 1 Wp of the product. The value 3.79E-01 corresponds to 0.379 kg CO2 eq.
75 KVA Oil filled Transformer 10395C,Other,Toshiba Transmission and Distribution Systems (India) PVT Ltd.,2235.0,kg CO2 eq,1 unit,A1-A3,EPD International AB,2025,2030,India,EPD-IES-0028470_006.pdf,HIGH,"GWP value calculated as sum of A1 (2.06E+03), A2 (7.14E+01), and A3 (1.15E+02)."
150 KVA Oil filled Transformer 8175I,Other,Toshiba Transmission and Distribution Systems (India) PVT Ltd.,3312.0,kg CO2 eq,1 unit,A1-A3,EPD International AB,2025,2030,India,EPD-IES-0028471_005.pdf,HIGH,"GWP value for A1-A3 is the sum of 3.16E+03 (A1) + 1.94E+01 (A2) + 1.32E+02 (A3) = 3311.4, rounded to 3312.0."
150 KVA Oil filled Transformer 10396E,Other,Toshiba Transmission and Distribution Systems (India) PVT Ltd.,4945.0,kg CO2 eq,1 unit,A1-A3,EPD International AB,2025,2030,India,EPD-IES-0028472_005.pdf,HIGH,"GWP value calculated as sum of A1 (4.31E+03), A2 (1.17E+02), and A3 (5.15E+02)."
400 KVA Oil filled Transformer 08174E,Other,Toshiba Transmission and Distribution Systems (India) PVT Ltd.,8199.0,kg CO2 eq/product,1 product,A1-A3,EPD International AB,2025,2030,India,EPD-IES-0028473_005.pdf,HIGH,"GWP value for A1-A3 calculated as sum of A1 (7.86E+03), A2 (9.80E+01), and A3 (2.41E+02)."
500 KVA Oil filled Transformer 08178E,Other,Toshiba Transmission and Distribution Systems (India) PVT Ltd.,9147.0,kg CO2 eq,1 unit,A1-A3,EPD International AB,2025,2030,India,EPD-IES-0028474_005.pdf,HIGH,"GWP value calculated as sum of A1 (8780), A2 (128), and A3 (241) from the results table."
Ikkita Chair,Other,Alankaram,7.74,kg CO2 eq/piece,1 piece,A1-A3,EPD International AB,2026,2031,India,EPD-IES-0028618_001.pdf,HIGH,GWP value represents GWP-total for A1-A3. The declared unit is 1 piece of Ikkita Chair.
Mesa Dining Table,Timber & Wood,Alankaram,-72.3,kg CO2 eq/piece,1 piece,A1-A3,EPD International AB,2026,2031,India,EPD-IES-0028623_001.pdf,HIGH,GWP-total value for A1-A3 is -7.23E+01. Declared unit is 1 piece of Mesa Dining Table.
Steel Flange,Steel & Metal,ECHJAY FORGINGS PVT. LTD.,5470.0,kg CO2 eq/1000 kg,1000 kg,A1-A3,EPD International AB,2026,2031,India,EPD-IES-0028653_001.pdf,HIGH,GWP-total value for A1-A3 is 5.47E+03 kg CO2 eq per 1000 kg (1 MT).
Tapi Trans Dual Series (570-610 Wp),Other,Solex Energy Limited,0.417,kg CO2 eq/Wp,1 Wp,A1-A3,EPD International AB,2026,2031,India,EPD-IES-0028871_001.pdf,HIGH,The declared unit is 1 Wp. The GWP value for A1-A3 is 4.17E-01 kg CO2 eq/Wp.
Tapi-R Series (595-625 Wp),Other,Solex Energy Limited,0.416,kg CO2 eq/Wp,1 Wp,A1-A3,EPD International AB,2026,2031,India,EPD-IES-0028872_001.pdf,HIGH,The declared unit is 1 Wp. The GWP-total value for A1-A3 is 4.16E-01 kg CO2 eq/Wp.
Powder Coated Aluminium Extruded Profiles,Aluminium,Bhoruka Extrusions Private Limited,17400.0,kg CO2 eq/t,1 t,A1-A3,EPD International AB,2025,2031,India,EPD-IES-0028927_001.pdf,HIGH,GWP value 1.74E+04 kg CO2 eq per 1 Tonne converted to 17400.0. Declared unit is 1 Tonne.
400 KVA Oil filled Transformer 8493H,Other,Toshiba Transmission and Distribution Systems (India) PVT Ltd.,5808.0,kg CO2 eq,1 unit,A1-A3,EPD International AB,2026,2031,India,EPD-IES-0028934_003.pdf,HIGH,"GWP value calculated as sum of A1 (5.44E+03), A2 (8.36E+01), and A3 (2.88E+02)."
Optigal (Metallic colour coated steel),Steel & Metal,ArcelorMittal Nippon Steel India Private Limited (AM/NS India),2110.0,kg CO2 eq/1000kg,1000 kg,A1-A3,EPD International AB,2026,2031,India,EPD-IES-0029223_002.pdf,HIGH,The GWP value for A1-A3 is 2.11E+03 kg CO2 eq per 1000kg as per Table 4.
"Modular Chairs (Amaze MB, Astro MB, Comet, Contact MB, Evolve MB, Opus MB)",Other,Featherlite Products Private Limited,56.7,kg CO2 eq/piece,1 piece,A1-A3,EPD International AB,2026,2031,India,EPD-IES-0029293_001.pdf,HIGH,GWP value extracted from the Climate change row for A1-A3. The value 5.67E+01 is equivalent to 56.7.
Portland Slag Cement and its variant (Concreel HD),Concrete & Cement,JSW Cement Limited,358.8,kg CO2 eq/tonne,1 tonne,A1-A3,EPD International AB,2026,2031,India,EPD-IES-0029294_001.pdf,HIGH,The declared unit is 1 tonne (1000 kg). The GWP value is 358.8 kg CO2 eq. per tonne.
6HI Cold Rolling Mill 1250MM@1100MPM,Steel & Metal,Yogi Ji Digi Private Limited,312000000.0,kg CO2 eq,1 unit,A1-C4,EPD International AB,2026,2031,India,EPD-IES-0029315_002.pdf,HIGH,The GWP value represents the total impact (3.12E+08 kg CO2 eq) for the entire product over its 30-year lifetime.
"Mechtrix Nishabd Strand – T15, T20 and T25",Other,Mechtrix Engineers LLP,12.2,kg CO2 eq/m2,1 m2,A1-A3,The International EPD System,2024,2025,India,EPD-IES-0030221_002.pdf,HIGH,The GWP value represents the worst-case product (T25) as specified in the EPD. The declared unit is 1 m2.
"Building 3, ITC Green centre",Other,ITC Limited,408.0,kg CO2 eq/m2,1 m2,A1-A3,EPD International AB,2026,2031,India,EPD-IES-0030960_004.pdf,HIGH,GWP-total value for A1-A3 is 4.08E+02 kg CO2 eq/m2. Declared unit is 1 m2 of gross floor area.
Ordinary Portland Cement(OPC),Concrete & Cement,Ambuja Cements Limited,1010.0,kg CO2 eq/tonne,1 tonne,A1-A3,EPD International AB,2026,2031,India,EPD-IES-0031048_001.pdf,HIGH,GWP-total value 1.01E+03 kg CO2 eq. per 1 tonne converted to 1010.0.
Ordinary Portland Cement,Concrete & Cement,ACC Limited,983.0,kg CO2 eq/tonne,1 tonne,A1-A3,EPD International AB,2026,2031,India,EPD-IES-0031051_001.pdf,HIGH,GWP value 9.83E+02 converted to 983.0. Declared unit is 1 tonne.
Magnelis (Metallic Coated Sheet),Steel & Metal,ArcelorMittal Nippon Steel India Private Limited (AM/NS India),2460.0,kg CO2 eq/1000kg,1000 kg,A1-A3,EPD International AB,2026,2031,India,EPD-IES-0031097_002.pdf,HIGH,GWP value extracted from Table 4 for A1-A3 (2.46E+03). The declared unit is 1000kg.
Acsilo Cellulose Fiber Acoustic Spray,Insulation,Tranquil,0.352,kg CO2 eq/kg,1 kg,A1-A3,EPD International AB,2026,2031,India,EPD-IES-0031101_001.pdf,HIGH,GWP value extracted from Table 6 (Climate change – total) for A1-A3. Value 3.52E-01 converted to 0.352.
Mass Loaded Vinyl (MLV),Plastic & Polymer,Tranquil,8.35,kg CO2 eq/m2,1 m2,A1-A3,EPD International AB,2026,2031,India,EPD-IES-0031137_001.pdf,HIGH,GWP value extracted from Table 6 for Climate change - total in A1-A3.
ELARA Fibreglass Panel,Insulation,Tranquil,6.84,kg CO2 eq/m2,1 m2,A1-A3,EPD International AB,2026,2031,India,EPD-IES-0031140_004.pdf,HIGH,The declared unit is 1 m2. The GWP value is taken from the Climate change - total row for A1-A3.
ECOCORE PET Panel,Plastic & Polymer,Tranquil,7.23,kg CO2 eq/m2,1 m2,A1-A3,EPD International AB,2026,2031,India,EPD-IES-0031141_001.pdf,HIGH,"GWP value taken from Table 6, Climate change - total, A1-A3 column."
Wooden Acoustic Panels - Woodline & Ecowood,Timber & Wood,Tranquil,6.39,kg CO2 eq/m2,1 m2,A1-A3,EPD International AB,2026,2031,India,EPD-IES-0031145_001.pdf,HIGH,GWP value extracted from Table 7 (GWP-GHG indicator) for A1-A3.
Steel Wire,Steel & Metal,Usha Martin Limited,2590.0,kg CO2 eq/tonne,1 tonne,A1-A3,EPD International AB,2026,2031,Thailand,EPD-IES-0031177_001.pdf,HIGH,GWP value 2.59E+03 converted to 2590.0 per 1 tonne declared unit.
Steel rope,Steel & Metal,Usha Martin Limited,2930.0,kg CO2 eq/tonne,1 tonne,A1-A3,EPD International AB,2026,2031,Thailand,EPD-IES-0031180_001.pdf,HIGH,GWP value 2.93E+03 converted to 2930.0 per 1 tonne.
Steel Wire,Steel & Metal,Usha Martin Limited,3460.0,kg CO2 eq./tonne,1 tonne,A1-A3,EPD International AB,2026,2031,India,EPD-IES-0031182_001.pdf,HIGH,GWP value 3.46E+03 converted from kg CO2 eq./tonne to 3460.0.
Steel rope products,Steel & Metal,Usha Martin Limited,4150.0,kg CO2 eq./tonne,1 tonne,A1-A3,EPD International AB,2026,2031,India,EPD-IES-0031183_001.pdf,HIGH,The GWP value 4.15E+03 kg CO2 eq. per 1 tonne was converted to 4150.0.
LRPC strands,Steel & Metal,Usha Martin Limited,3170.0,kg CO2 eq/tonne,1 tonne,A1-A3,EPD International AB,2026,2031,India,EPD-IES-0031184_001.pdf,HIGH,GWP value 3.17E+03 converted to 3170.0 per 1 tonne declared unit.
Desking (Representative product: Conference & Meeting Table - Mingle),Other,Interio By Godrej - A division of Godrej & Boyce Manufacturing Company Limited,-13.3,kg CO2 eq,1 piece,A1-A3,EPD International AB,2026,2031,India,EPD-IES-0031281_002.pdf,HIGH,"The GWP-total value for A1-A3 is -1.33E+01, which equals -13.3 kg CO2 eq. The declared unit is 1 piece of desking."
Seating (Chairs),Other,Interio By Godrej - A division of Godrej & Boyce Manufacturing Company Limited,124.0,kg CO2 eq,1 piece,A1-A3,EPD International AB,2026,2031,India,EPD-IES-0031358_002.pdf,HIGH,GWP value represents GWP-total for A1-A3. The value 1.24E+02 was converted to 124.0.
FLEXIVATE- HEIGHT ADJUSTABLE TABLES,Other,Talin Modular Office Furniture Systems Private Limited,482.0,kg CO2 eq,1 height-adjustable table,A1-A3,EPD International AB,2026,2031,India,EPD-IES-0031377_001.pdf,HIGH,GWP-total value for A1-A3 is 4.82E+02. The declared unit is one height-adjustable table.
TMT Bars,Steel & Metal,Steel Authority of India Limited (SAIL),2363,kg CO2 eq/1000 kg,1000 kg,A1-A3,EPD International AB,2026,2031,India,EPD-IES-0031470_004.pdf,HIGH,GWP value extracted from GWP-total row for A1-A3 column (2.363E+03). Declared unit is 1 metric tonne (1000 kg).
Storage,Steel & Metal,Interio By Godrej - A division of Godrej & Boyce Manufacturing Company Limited,300.0,kg CO2 eq,1 piece,A1-A3,EPD International AB,2026,2031,India,EPD-IES-0031490_002.pdf,HIGH,GWP-total value for A1-A3 is 3.00E+02 (300.0). The EPD covers multiple storage products with Modular KD Storages (Gain Pro) as the representative product.
Healthcare Beds,Other,Interio By Godrej - A division of Godrej & Boyce Manufacturing Company Limited,1070,kg CO2 eq/piece,1 piece,A1-A3,EPD International AB,2026,2031,India,EPD-IES-0031496_002.pdf,HIGH,GWP-total value for A1-A3 is 1.07E+03 kg CO2 eq. The declared unit is 1 piece of Healthcare Bed.
TAP® Acoustics Panel,Plastic & Polymer,Times Fibrefill Pvt. Ltd.,5.54,kg CO2 eq/m2,1 m2,A1-A3,EPD International AB,2026,2031,India,EPD-IES-0031770_002.pdf,HIGH,The GWP value is for the 9 mm representative panel.
Gypboard® Effectiv’ Plasterboard,Other,Saint-Gobain India Pvt. Ltd. – Gyproc Business,0.703,kg CO2 eq/m2,1 m2,A1-A3,EPD International AB,2026,2031,India,EPD-IES-0031818_001.pdf,HIGH,"GWP value extracted from the A1-A3 GWP-GHG row in the additional voluntary indicators table, as it represents the standard A1-A3 impact for the declared unit."
Raised Access Floor Panels,Other,PWS Floors LLP,40.3,kg CO2 eq/m2,1 m2,A1-A3,EPD International AB,2026,2031,India,EPD-IES-0031930_002.pdf,HIGH,GWP-total value for A1-A3 is 4.03E+01 kg CO2 eq/m2.
Windor Modular Single Leaf Single Glazed Style Door System,Other,Windor India Pvt Ltd,91.9,kg CO2 eq/m2,1 m2,A1-A3,EPD International AB,2026,2031,India,EPD-IES-0032024_001.pdf,HIGH,GWP value represents GWP-fossil for A1-A3. The total GWP (GWP-total) for A1-A3 is 91.4 kg CO2 eq/m2.
Windor Modular Single Leaf Double Glazed Style Door System,Aluminium,Windor India Pvt Ltd,110.0,kg CO2 eq/m2,1 m2,A1-A3,EPD International AB,2026,2031,India,EPD-IES-0032026_001.pdf,HIGH,GWP-total value for A1-A3 is 1.10E+02 kg CO2 eq/m2.
Windor 48.5mm Thick Laminate Finished Flush Door with Hardware Product,Timber & Wood,Windor India Pvt Ltd,79.2,kg CO2 eq/m2,1 m2,A1-A3,EPD International AB,2026,2031,India,EPD-IES-0032027_001.pdf,HIGH,GWP-total value for A1-A3 is 7.92E+01 kg CO2 eq/m2.
SGG Mirror on Planilux®,Glass,Saint-Gobain India Pvt. Ltd,13.7,kg CO2 eq/m2,1 m2,A1-A3,EPD International AB,2026,2031,India,EPD-IES-0032037_001.pdf,HIGH,GWP value for A1-A3 is 1.37E+01 kg CO2 eq/m2.
SGG Mirror on Planilux® 5 mm,Glass,Saint-Gobain India Pvt. Ltd,17.0,kg CO2 eq/m2,1 m2,A1-A3,EPD International AB,2026,2031,India,EPD-IES-0032055_001.pdf,HIGH,GWP value represents Climate Change - total for A1-A3. Declared unit is 1 m2 of 5 mm glass.
SGG Mirror on Planilux®,Glass,Saint-Gobain India Pvt. Ltd,19.6,kg CO2 eq/m2,1 m2,A1-A3,EPD international AB,2026,2031,India,EPD-IES-0032059_001.pdf,HIGH,GWP value represents Climate Change - total for A1-A3. Declared unit is 1 m2 of 6 mm glass.
Gyproc® Fireline 15mm,Other,Saint-Gobain India Pvt. Ltd,6.0,kg CO2 eq/m2,1 m2,A1-A3,The International EPD® System,2022,2027,India,EPD-IES-0006463_001.pdf,HIGH,"GWP value represents Climate Change (total) for A1-A3. Value 6,00E+00 converted to 6.0."
Steel Hot Rolled Coil,Steel & Metal,Tata Steel Limited,2859.6,kg CO2 eq/t,1 tonne,A1-A3,EPD International AB,2023,2028,India,EPD-IES-0006474_001.pdf,HIGH,GWP value represents the total cradle to gate impact (A1-A3) as stated in section 4.8 Interpretation.
Galvalume Steel Product,Steel & Metal,JSW Steel Coated Products Limited (JSWSCPL),3690.0,kg CO2 eq/tonne,1 tonne,A1-A3,The International EPD System,2023,2028,India,EPD-IES-0006484_001.pdf,HIGH,GWP value 3.69E+03 converted from kg CO2 eq/tonne to 3690.0.
Magnetron Coated Glass (SGG PLANILUX®),Glass,Saint-Gobain India Pvt. Ltd,33.7,kg CO2 eq/m2,1 m2,A1-A3,The International EPD® System,2024,2029,India,EPD-IES-0006879_002.pdf,HIGH,GWP value represents the sum of A1-A3 stages (3.37E+01 kg CO2 eq/m2). Declared unit is 1 m2 of 10mm glass.
Austenitic Cold Rolled Annealed Pickled (CRAP) Sheets and Coils,Steel & Metal,Jindal Stainless Limited,5230.0,kg CO2 eq/tonne,1 tonne,A1-A3,EPD International AB,2025,2030,India,EPD-IES-0007804_003.pdf,HIGH,GWP value 5.23E+03 converted from 1 tonne declared unit.
Ductile Iron Pipe (DN 80),Steel & Metal,Jindal SAW Limited,14.4,kg CO2 eq/m,1 m,A1-A3,EPD International AB,2025,2030,India,EPD-IES-0009004_001.pdf,HIGH,GWP value represents GWP-total for A1-A3 as per the environmental performance table.
SGG PLANILUX® 12 mm,Glass,Saint-Gobain India Pvt. Ltd,38.0,kg CO2 eq/m2,1 m2,A1-A3,The International EPD® System,2023,2028,India,EPD-IES-0009214_002.pdf,HIGH,GWP value for A1-A3 is 3.80E+01 kg CO2 eq per 1 m2 functional unit.
VDS® Fixed Partition,Steel & Metal,Saint-Gobain India PVT Ltd. – Vetrotech Business,11.1,kg CO2 eq/m,1 m,A1-A3,The International EPD® System,2024,2029,India,EPD-IES-0009224_001.pdf,HIGH,GWP value represents Climate Change (total) for A1-A3. Declared unit is 1 meter of installed partition.
Average Semi-Finished Steel Product,Steel & Metal,Jindal Steel and Power,3140.0,kg CO2 eq/tonne,1 tonne,A1-A3,EPD International AB,2022,2024,India,EPD-IES-0009804_001.pdf,HIGH,GWP value derived from Table 12 (3.14E+03 kg CO2 eq for A1-A3). Declared unit is 1 tonne.
Magnetron coated glass on SGG PARSOL 8 mm,Glass,Saint-Gobain India Private Limited,29.6,kg CO2 eq/m2,1 m2,A1-A3,The International EPD System,2023,2028,India,EPD-IES-0009812_001.pdf,HIGH,GWP value 29.6E+01 is 29.6 kg CO2 eq per 1 m2 based on Table 13 (Climate Change total).
JSP’s Steel Plate & Coil (100% Recycled Scrap),Steel & Metal,Jindal Steel & Power,465.0,kg CO2 eq/metric ton,1 metric ton,A1-A3,EPD International AB,2023,2028,India,EPD-IES-0009818_001.pdf,HIGH,GWP-total value used from the results table for A1-A3. 4.65E+02 = 465.0.
Gyproc® Fire-Resistant & Moisture Resistant Board,Other,Saint-Gobain India Pvt. Ltd.,5.75,kg CO2 eq/m2,1 m2,A1-A3,The International EPD® System,2024,2029,India,EPD-IES-0009822_001.pdf,HIGH,GWP value represents Climate Change - total for A1-A3. Declared unit is 1 m2 of installed board.
Steelage Magna Class C Safe,Steel & Metal,GUNNEBO INDIA PVT LTD,1520.0,kg CO2 eq/unit,1 unit,A1-A3,EPD International AB,2023,2028,India,EPD-IES-0011894_001.pdf,HIGH,GWP value 1.52E+03 converted to 1520.0. Declared unit is per safe (unit).
VDS® Curtain Wall,Steel & Metal,Saint-Gobain India PVT Ltd. – Vetrotech Business,18.1,kg CO2 eq/m,1 m,A1-A3,The International EPD® System,2024,2029,India,EPD-IES-0012000_001.pdf,HIGH,GWP value represents Climate Change (fossil) for A1-A3 as 1.81E+01. Declared unit is 1 meter of installed curtain wall.
Average Galvanized Steel Pipe,Steel & Metal,Surya Roshni Limited,3250.0,kg CO2 eq/tonne,1 tonne,A1-A3,EPD International AB,2023,2024,India,EPD-IES-0012002_001.pdf,HIGH,GWP value extracted from Table 14 (Climate Change - total for A1-A3). Value 3.25E+03 converted to 3250.0.
